[GIN-debug] [WARNING] Running in "debug" mode. Switch to "release" mode in production.
 - using env:	export GIN_MODE=release
 - using code:	gin.SetMode(gin.ReleaseMode)

[GIN-debug] GET    /health                   --> main.main.func1 (4 handlers)
[GIN-debug] GET    /                         --> main.main.func2 (4 handlers)
[GIN-debug] GET    /index.html               --> main.main.func3 (4 handlers)
[GIN-debug] POST   /activate                 --> license-server/internal/handler.(*LicenseHandler).Activate-fm (5 handlers)
[GIN-debug] POST   /license/refresh          --> license-server/internal/handler.(*LicenseHandler).Refresh-fm (5 handlers)
[GIN-debug] POST   /validate                 --> license-server/internal/handler.(*LicenseHandler).Validate-fm (5 handlers)
[GIN-debug] POST   /admin/revoke             --> license-server/internal/handler.(*LicenseHandler).AdminRevoke-fm (6 handlers)
[GIN-debug] POST   /admin/activate           --> license-server/internal/handler.(*LicenseHandler).AdminActivate-fm (6 handlers)
[GIN-debug] POST   /admin/licenses           --> license-server/internal/handler.(*LicenseHandler).AdminCreate-fm (6 handlers)
{"level":"info","ts":1772117151.5828931,"caller":"middleware/logger.go:19","msg":"request","status":200,"latency":0.000129375,"method":"GET","path":"/health","ip":"::1"}
{"level":"info","ts":1772117151.61743,"caller":"service/license.go:279","msg":"license created","key":"TEST-KEY-1234","expires_at":1774709151}
{"level":"info","ts":1772117151.617534,"caller":"middleware/logger.go:19","msg":"request","status":201,"latency":0.010115041,"method":"POST","path":"/admin/licenses","ip":"::1"}

2026/02/26 16:46:49 [31;1m/Users/santori/Desktop/TEST_KICK/kick-chat/license-server/internal/repository/activation.go:26 [35;1mrecord not found
[0m[33m[1.534ms] [34;1m[rows:0][0m SELECT * FROM "activations" WHERE license_id = 'e2f66287-2339-429e-a181-15e2fb1f393b' AND device_fingerprint_hash = '9a7a306301fd5dc61f6564be6e7ec47544a944f5e42336b2cf07ab81b0512128' ORDER BY "activations"."id" LIMIT 1
{"level":"info","ts":1772117209.1821818,"caller":"middleware/logger.go:19","msg":"request","status":200,"latency":0.062946209,"method":"POST","path":"/activate","ip":"::1"}
{"level":"info","ts":1772119104.546766,"caller":"middleware/logger.go:19","msg":"request","status":200,"latency":0.005317583,"method":"GET","path":"/health","ip":"::1"}
{"level":"info","ts":1772119105.1052742,"caller":"middleware/logger.go:19","msg":"request","status":404,"latency":0.000006916,"method":"GET","path":"/favicon.ico","ip":"::1"}
{"level":"info","ts":1772119107.363067,"caller":"middleware/logger.go:19","msg":"request","status":200,"latency":0.000948334,"method":"GET","path":"/","ip":"::1"}
{"level":"info","ts":1772119128.254862,"caller":"middleware/logger.go:19","msg":"request","status":200,"latency":0.001750708,"method":"GET","path":"/health","ip":"::1"}
{"level":"info","ts":1772119148.516099,"caller":"middleware/logger.go:19","msg":"request","status":401,"latency":0.00004025,"method":"POST","path":"/admin/revoke","ip":"::1"}
{"level":"info","ts":1772119160.165666,"caller":"middleware/logger.go:19","msg":"request","status":401,"latency":0.000117667,"method":"POST","path":"/admin/revoke","ip":"::1"}
{"level":"info","ts":1772119161.513726,"caller":"middleware/logger.go:19","msg":"request","status":401,"latency":0.000038291,"method":"POST","path":"/admin/revoke","ip":"::1"}
{"level":"info","ts":1772119162.864168,"caller":"middleware/logger.go:19","msg":"request","status":401,"latency":0.000024875,"method":"POST","path":"/admin/revoke","ip":"::1"}
{"level":"info","ts":1772119193.44064,"caller":"middleware/logger.go:19","msg":"request","status":401,"latency":0.000110416,"method":"POST","path":"/admin/revoke","ip":"::1"}
{"level":"info","ts":1772119199.493942,"caller":"middleware/logger.go:19","msg":"request","status":401,"latency":0.000023333,"method":"POST","path":"/admin/revoke","ip":"::1"}
{"level":"info","ts":1772119200.0967622,"caller":"middleware/logger.go:19","msg":"request","status":401,"latency":0.000026042,"method":"POST","path":"/admin/revoke","ip":"::1"}

2026/02/26 17:20:06 [31;1m/Users/santori/Desktop/TEST_KICK/kick-chat/license-server/internal/repository/activation.go:26 [35;1mrecord not found
[0m[33m[0.804ms] [34;1m[rows:0][0m SELECT * FROM "activations" WHERE license_id = 'e2f66287-2339-429e-a181-15e2fb1f393b' AND device_fingerprint_hash = '37a8eec1ce19687d132fe29051dca629d164e2c4958ba141d5f4133a33f0688f' ORDER BY "activations"."id" LIMIT 1
{"level":"info","ts":1772119206.688001,"caller":"middleware/logger.go:19","msg":"request","status":200,"latency":0.056695875,"method":"POST","path":"/activate","ip":"::1"}
{"level":"info","ts":1772119215.6978319,"caller":"middleware/logger.go:19","msg":"request","status":401,"latency":0.000051083,"method":"POST","path":"/admin/revoke","ip":"::1"}
{"level":"info","ts":1772119221.918887,"caller":"middleware/logger.go:19","msg":"request","status":200,"latency":0.005317417,"method":"POST","path":"/validate","ip":"::1"}
{"level":"info","ts":1772119225.526904,"caller":"middleware/logger.go:19","msg":"request","status":200,"latency":0.000217083,"method":"GET","path":"/","ip":"::1"}
{"level":"info","ts":1772119229.646535,"caller":"middleware/logger.go:19","msg":"request","status":401,"latency":0.000025375,"method":"POST","path":"/admin/revoke","ip":"::1"}
{"level":"info","ts":1772119233.545511,"caller":"middleware/logger.go:19","msg":"request","status":200,"latency":0.000025417,"method":"GET","path":"/health","ip":"::1"}
{"level":"info","ts":1772119235.044126,"caller":"middleware/logger.go:19","msg":"request","status":200,"latency":0.000027583,"method":"GET","path":"/health","ip":"::1"}
{"level":"info","ts":1772119239.494669,"caller":"middleware/logger.go:19","msg":"request","status":200,"latency":0.000316625,"method":"GET","path":"/","ip":"::1"}
{"level":"info","ts":1772119259.491466,"caller":"middleware/logger.go:19","msg":"request","status":401,"latency":0.000128667,"method":"POST","path":"/admin/revoke","ip":"::1"}
{"level":"info","ts":1772119272.166052,"caller":"middleware/logger.go:19","msg":"request","status":200,"latency":0.033546791,"method":"POST","path":"/activate","ip":"::1"}
{"level":"info","ts":1772119589.493769,"caller":"middleware/logger.go:19","msg":"request","status":200,"latency":0.002462958,"method":"GET","path":"/","ip":"::1"}
{"level":"info","ts":1772119671.456882,"caller":"middleware/logger.go:19","msg":"request","status":200,"latency":0.004613375,"method":"GET","path":"/","ip":"::1"}
{"level":"info","ts":1772119683.723627,"caller":"middleware/logger.go:19","msg":"request","status":200,"latency":0.000186375,"method":"GET","path":"/","ip":"::1"}
{"level":"info","ts":1772119687.544153,"caller":"middleware/logger.go:19","msg":"request","status":200,"latency":0.000061083,"method":"GET","path":"/","ip":"::1"}
{"level":"info","ts":1772119687.715093,"caller":"middleware/logger.go:19","msg":"request","status":404,"latency":0.000006333,"method":"GET","path":"/favicon.ico","ip":"::1"}
{"level":"info","ts":1772119688.192796,"caller":"middleware/logger.go:19","msg":"request","status":200,"latency":0.000060792,"method":"GET","path":"/","ip":"::1"}
{"level":"info","ts":1772119688.343403,"caller":"middleware/logger.go:19","msg":"request","status":404,"latency":0.000006,"method":"GET","path":"/favicon.ico","ip":"::1"}
{"level":"info","ts":1772119688.514317,"caller":"middleware/logger.go:19","msg":"request","status":200,"latency":0.000400625,"method":"GET","path":"/","ip":"::1"}
{"level":"info","ts":1772119688.6737971,"caller":"middleware/logger.go:19","msg":"request","status":404,"latency":0.000054167,"method":"GET","path":"/favicon.ico","ip":"::1"}
{"level":"info","ts":1772119688.8469079,"caller":"middleware/logger.go:19","msg":"request","status":200,"latency":0.000059625,"method":"GET","path":"/","ip":"::1"}
{"level":"info","ts":1772119689.057004,"caller":"middleware/logger.go:19","msg":"request","status":404,"latency":0.00000575,"method":"GET","path":"/favicon.ico","ip":"::1"}
{"level":"info","ts":1772119689.2033112,"caller":"middleware/logger.go:19","msg":"request","status":200,"latency":0.000051333,"method":"GET","path":"/","ip":"::1"}
{"level":"info","ts":1772119689.469023,"caller":"middleware/logger.go:19","msg":"request","status":404,"latency":0.00000625,"method":"GET","path":"/favicon.ico","ip":"::1"}
{"level":"info","ts":1772119729.372017,"caller":"middleware/logger.go:19","msg":"request","status":200,"latency":0.002207833,"method":"GET","path":"/health","ip":"::1"}

2026/02/26 17:28:49 [31;1m/Users/santori/Desktop/TEST_KICK/kick-chat/license-server/internal/repository/license.go:34 [35;1mERROR: duplicate key value violates unique constraint "idx_licenses_license_key" (SQLSTATE 23505)
[0m[33m[35.960ms] [34;1m[rows:0][0m INSERT INTO "licenses" ("id","license_key","status","expires_at","max_activations","current_activations","hw_id","created_at","updated_at","deleted_at") VALUES ('0d46d3c6-ca9c-4383-b366-624251c923a0','TEST-KEY-1234','active','2026-03-28 15:28:49',3,0,'','2026-02-26 17:28:49.434','2026-02-26 17:28:49.434',NULL)
{"level":"info","ts":1772119729.445208,"caller":"middleware/logger.go:19","msg":"request","status":500,"latency":0.050454042,"method":"POST","path":"/admin/licenses","ip":"::1"}
[GIN-debug] [WARNING] Running in "debug" mode. Switch to "release" mode in production.
 - using env:	export GIN_MODE=release
 - using code:	gin.SetMode(gin.ReleaseMode)

[GIN-debug] GET    /health                   --> main.main.func1 (5 handlers)
[GIN-debug] GET    /                         --> main.main.func2 (5 handlers)
[GIN-debug] GET    /index.html               --> main.main.func3 (5 handlers)
[GIN-debug] POST   /activate                 --> license-server/internal/handler.(*LicenseHandler).Activate-fm (6 handlers)
[GIN-debug] POST   /license/refresh          --> license-server/internal/handler.(*LicenseHandler).Refresh-fm (6 handlers)
[GIN-debug] POST   /validate                 --> license-server/internal/handler.(*LicenseHandler).Validate-fm (6 handlers)
[GIN-debug] GET    /admin/logs               --> main.main.func4 (7 handlers)
[GIN-debug] POST   /admin/revoke             --> license-server/internal/handler.(*LicenseHandler).AdminRevoke-fm (7 handlers)
[GIN-debug] POST   /admin/activate           --> license-server/internal/handler.(*LicenseHandler).AdminActivate-fm (7 handlers)
[GIN-debug] POST   /admin/licenses           --> license-server/internal/handler.(*LicenseHandler).AdminCreate-fm (7 handlers)
{"level":"fatal","ts":1772119732.901539,"caller":"server/main.go:100","msg":"http server","error":"listen tcp 0.0.0.0:8000: bind: address already in use","stacktrace":"main.main.func5\n\t/Users/santori/Desktop/TEST_KICK/kick-chat/license-server/cmd/server/main.go:100"}
exit status 1
{"level":"info","ts":1772119737.3922062,"caller":"middleware/logger.go:19","msg":"request","status":200,"latency":0.000108791,"method":"GET","path":"/","ip":"::1"}
{"level":"info","ts":1772119745.131563,"caller":"middleware/logger.go:19","msg":"request","status":200,"latency":0.000072667,"method":"GET","path":"/health","ip":"::1"}
{"level":"info","ts":1772119777.2578502,"caller":"middleware/logger.go:19","msg":"request","status":200,"latency":0.000179,"method":"GET","path":"/","ip":"::1"}
{"level":"info","ts":1772121670.9556942,"caller":"middleware/logger.go:19","msg":"request","status":200,"latency":0.005177166,"method":"GET","path":"/","ip":"::1"}
{"level":"info","ts":1772121672.916502,"caller":"middleware/logger.go:19","msg":"request","status":200,"latency":0.000056709,"method":"GET","path":"/","ip":"::1"}
{"level":"info","ts":1772121689.447659,"caller":"middleware/logger.go:19","msg":"request","status":200,"latency":0.000258083,"method":"GET","path":"/","ip":"::1"}
{"level":"info","ts":1772121689.655931,"caller":"middleware/logger.go:19","msg":"request","status":404,"latency":0.000006917,"method":"GET","path":"/favicon.ico","ip":"::1"}
{"level":"info","ts":1772121690.1299222,"caller":"middleware/logger.go:19","msg":"request","status":200,"latency":0.000065125,"method":"GET","path":"/","ip":"::1"}
{"level":"info","ts":1772121690.281596,"caller":"middleware/logger.go:19","msg":"request","status":404,"latency":0.000006375,"method":"GET","path":"/favicon.ico","ip":"::1"}
{"level":"info","ts":1772121690.392736,"caller":"middleware/logger.go:19","msg":"request","status":200,"latency":0.000101,"method":"GET","path":"/","ip":"::1"}
{"level":"info","ts":1772121690.5216708,"caller":"middleware/logger.go:19","msg":"request","status":404,"latency":0.000005917,"method":"GET","path":"/favicon.ico","ip":"::1"}
{"level":"info","ts":1772121690.586821,"caller":"middleware/logger.go:19","msg":"request","status":200,"latency":0.000053458,"method":"GET","path":"/","ip":"::1"}
{"level":"info","ts":1772121690.766643,"caller":"middleware/logger.go:19","msg":"request","status":404,"latency":0.000005959,"method":"GET","path":"/favicon.ico","ip":"::1"}
{"level":"info","ts":1772121764.124594,"caller":"middleware/logger.go:19","msg":"request","status":200,"latency":0.002221209,"method":"GET","path":"/health","ip":"::1"}
{"level":"info","ts":1772121768.891808,"caller":"middleware/logger.go:19","msg":"request","status":200,"latency":0.000625333,"method":"GET","path":"/","ip":"::1"}
signal: killed
[GIN-debug] [WARNING] Running in "debug" mode. Switch to "release" mode in production.
 - using env:	export GIN_MODE=release
 - using code:	gin.SetMode(gin.ReleaseMode)

[GIN-debug] GET    /health                   --> main.main.func1 (5 handlers)
[GIN-debug] GET    /                         --> main.main.func2 (5 handlers)
[GIN-debug] GET    /index.html               --> main.main.func3 (5 handlers)
[GIN-debug] POST   /activate                 --> license-server/internal/handler.(*LicenseHandler).Activate-fm (6 handlers)
[GIN-debug] POST   /license/refresh          --> license-server/internal/handler.(*LicenseHandler).Refresh-fm (6 handlers)
[GIN-debug] POST   /validate                 --> license-server/internal/handler.(*LicenseHandler).Validate-fm (6 handlers)
[GIN-debug] GET    /admin/logs               --> main.main.func4 (7 handlers)
[GIN-debug] POST   /admin/revoke             --> license-server/internal/handler.(*LicenseHandler).AdminRevoke-fm (7 handlers)
[GIN-debug] POST   /admin/activate           --> license-server/internal/handler.(*LicenseHandler).AdminActivate-fm (7 handlers)
[GIN-debug] POST   /admin/licenses           --> license-server/internal/handler.(*LicenseHandler).AdminCreate-fm (7 handlers)
{"level":"info","ts":1772121937.9971619,"caller":"middleware/logger.go:22","msg":"request","status":200,"latency":0.000124209,"method":"GET","path":"/health","ip":"::1"}

2026/02/26 18:05:38 [31;1m/Users/santori/Desktop/TEST_KICK/kick-chat/license-server/internal/repository/license.go:34 [35;1mERROR: duplicate key value violates unique constraint "idx_licenses_license_key" (SQLSTATE 23505)
[0m[33m[4.217ms] [34;1m[rows:0][0m INSERT INTO "licenses" ("id","license_key","status","expires_at","max_activations","current_activations","hw_id","created_at","updated_at","deleted_at") VALUES ('60d8af8a-7db9-41ac-bef3-4821db7074bb','TEST-KEY-1234','active','2026-03-28 16:05:38',3,0,'','2026-02-26 18:05:38.025','2026-02-26 18:05:38.025',NULL)
{"level":"info","ts":1772121938.0277271,"caller":"middleware/logger.go:22","msg":"request","status":500,"latency":0.005659708,"method":"POST","path":"/admin/licenses","ip":"::1"}
{"level":"info","ts":1772121943.264192,"caller":"middleware/logger.go:22","msg":"request","status":200,"latency":0.000366875,"method":"GET","path":"/","ip":"::1"}
{"level":"info","ts":1772121972.5260632,"caller":"middleware/logger.go:22","msg":"request","status":401,"latency":0.000184,"method":"GET","path":"/admin/logs","ip":"::1"}
{"level":"info","ts":1772121973.6900039,"caller":"middleware/logger.go:22","msg":"request","status":401,"latency":0.000025958,"method":"GET","path":"/admin/logs","ip":"::1"}
{"level":"info","ts":1772121975.323036,"caller":"middleware/logger.go:22","msg":"request","status":401,"latency":0.000112292,"method":"GET","path":"/admin/logs","ip":"::1"}
{"level":"info","ts":1772121979.716552,"caller":"middleware/logger.go:22","msg":"request","status":401,"latency":0.000185209,"method":"GET","path":"/admin/logs","ip":"::1"}
{"level":"info","ts":1772121980.3250391,"caller":"middleware/logger.go:22","msg":"request","status":401,"latency":0.000027458,"method":"GET","path":"/admin/logs","ip":"::1"}
{"level":"info","ts":1772121985.326356,"caller":"middleware/logger.go:22","msg":"request","status":401,"latency":0.000027209,"method":"GET","path":"/admin/logs","ip":"::1"}
{"level":"info","ts":1772121990.32602,"caller":"middleware/logger.go:22","msg":"request","status":401,"latency":0.000093625,"method":"GET","path":"/admin/logs","ip":"::1"}
{"level":"info","ts":1772121994.12357,"caller":"middleware/logger.go:22","msg":"request","status":401,"latency":0.000040041,"method":"GET","path":"/admin/logs","ip":"::1"}
{"level":"info","ts":1772121994.521215,"caller":"middleware/logger.go:22","msg":"request","status":401,"latency":0.000025292,"method":"GET","path":"/admin/logs","ip":"::1"}
{"level":"info","ts":1772121994.689609,"caller":"middleware/logger.go:22","msg":"request","status":401,"latency":0.000033292,"method":"GET","path":"/admin/logs","ip":"::1"}
{"level":"info","ts":1772121995.008708,"caller":"middleware/logger.go:22","msg":"request","status":200,"latency":0.000138375,"method":"GET","path":"/","ip":"::1"}
{"level":"info","ts":1772122003.546059,"caller":"middleware/logger.go:22","msg":"request","status":401,"latency":0.000050833,"method":"GET","path":"/admin/logs","ip":"::1"}
{"level":"info","ts":1772122004.8077812,"caller":"middleware/logger.go:22","msg":"request","status":401,"latency":0.000024375,"method":"GET","path":"/admin/logs","ip":"::1"}
{"level":"info","ts":1772122008.023024,"caller":"middleware/logger.go:22","msg":"request","status":404,"latency":0.000007333,"method":"GET","path":"/.well-known/appspecific/com.chrome.devtools.json","ip":"::1"}
{"level":"info","ts":1772122009.813515,"caller":"middleware/logger.go:22","msg":"request","status":401,"latency":0.000123083,"method":"GET","path":"/admin/logs","ip":"::1"}
{"level":"info","ts":1772122011.633204,"caller":"middleware/logger.go:22","msg":"request","status":401,"latency":0.000044375,"method":"GET","path":"/admin/logs","ip":"::1"}
{"level":"info","ts":1772122014.8090491,"caller":"middleware/logger.go:22","msg":"request","status":401,"latency":0.000054125,"method":"GET","path":"/admin/logs","ip":"::1"}
{"level":"info","ts":1772122019.810358,"caller":"middleware/logger.go:22","msg":"request","status":401,"latency":0.000030709,"method":"GET","path":"/admin/logs","ip":"::1"}
{"level":"info","ts":1772122024.808959,"caller":"middleware/logger.go:22","msg":"request","status":401,"latency":0.000037084,"method":"GET","path":"/admin/logs","ip":"::1"}
{"level":"info","ts":1772122039.8164139,"caller":"middleware/logger.go:22","msg":"request","status":401,"latency":0.000098875,"method":"GET","path":"/admin/logs","ip":"::1"}
{"level":"info","ts":1772122044.8057358,"caller":"middleware/logger.go:22","msg":"request","status":401,"latency":0.000027916,"method":"GET","path":"/admin/logs","ip":"::1"}
{"level":"info","ts":1772122049.82947,"caller":"middleware/logger.go:22","msg":"request","status":401,"latency":0.000314209,"method":"GET","path":"/admin/logs","ip":"::1"}
{"level":"info","ts":1772122054.815216,"caller":"middleware/logger.go:22","msg":"request","status":401,"latency":0.000024875,"method":"GET","path":"/admin/logs","ip":"::1"}
{"level":"info","ts":1772122059.8168268,"caller":"middleware/logger.go:22","msg":"request","status":401,"latency":0.0005,"method":"GET","path":"/admin/logs","ip":"::1"}
{"level":"info","ts":1772122064.813683,"caller":"middleware/logger.go:22","msg":"request","status":401,"latency":0.000120459,"method":"GET","path":"/admin/logs","ip":"::1"}
{"level":"info","ts":1772122069.811559,"caller":"middleware/logger.go:22","msg":"request","status":401,"latency":0.000047417,"method":"GET","path":"/admin/logs","ip":"::1"}
{"level":"info","ts":1772122074.809727,"caller":"middleware/logger.go:22","msg":"request","status":401,"latency":0.000055875,"method":"GET","path":"/admin/logs","ip":"::1"}
{"level":"info","ts":1772122079.807287,"caller":"middleware/logger.go:22","msg":"request","status":401,"latency":0.000026625,"method":"GET","path":"/admin/logs","ip":"::1"}
{"level":"info","ts":1772122084.804405,"caller":"middleware/logger.go:22","msg":"request","status":401,"latency":0.000020541,"method":"GET","path":"/admin/logs","ip":"::1"}
{"level":"info","ts":1772122089.8067598,"caller":"middleware/logger.go:22","msg":"request","status":401,"latency":0.000107375,"method":"GET","path":"/admin/logs","ip":"::1"}
{"level":"info","ts":1772122094.811585,"caller":"middleware/logger.go:22","msg":"request","status":401,"latency":0.000118375,"method":"GET","path":"/admin/logs","ip":"::1"}
{"level":"info","ts":1772122099.8081348,"caller":"middleware/logger.go:22","msg":"request","status":401,"latency":0.000023084,"method":"GET","path":"/admin/logs","ip":"::1"}
{"level":"info","ts":1772122104.82228,"caller":"middleware/logger.go:22","msg":"request","status":401,"latency":0.000208709,"method":"GET","path":"/admin/logs","ip":"::1"}
{"level":"info","ts":1772122109.806495,"caller":"middleware/logger.go:22","msg":"request","status":401,"latency":0.000041583,"method":"GET","path":"/admin/logs","ip":"::1"}
{"level":"info","ts":1772122114.806287,"caller":"middleware/logger.go:22","msg":"request","status":401,"latency":0.000055292,"method":"GET","path":"/admin/logs","ip":"::1"}
{"level":"info","ts":1772122119.8040042,"caller":"middleware/logger.go:22","msg":"request","status":401,"latency":0.000027417,"method":"GET","path":"/admin/logs","ip":"::1"}
{"level":"info","ts":1772122124.820415,"caller":"middleware/logger.go:22","msg":"request","status":401,"latency":0.000138,"method":"GET","path":"/admin/logs","ip":"::1"}
{"level":"info","ts":1772122129.8032289,"caller":"middleware/logger.go:22","msg":"request","status":401,"latency":0.000030083,"method":"GET","path":"/admin/logs","ip":"::1"}
{"level":"info","ts":1772122134.8061981,"caller":"middleware/logger.go:22","msg":"request","status":401,"latency":0.000044709,"method":"GET","path":"/admin/logs","ip":"::1"}
{"level":"info","ts":1772122139.803639,"caller":"middleware/logger.go:22","msg":"request","status":401,"latency":0.000027209,"method":"GET","path":"/admin/logs","ip":"::1"}
{"level":"info","ts":1772122144.8053179,"caller":"middleware/logger.go:22","msg":"request","status":401,"latency":0.000023666,"method":"GET","path":"/admin/logs","ip":"::1"}
{"level":"info","ts":1772122149.81723,"caller":"middleware/logger.go:22","msg":"request","status":401,"latency":0.000136375,"method":"GET","path":"/admin/logs","ip":"::1"}
{"level":"info","ts":1772122154.8117929,"caller":"middleware/logger.go:22","msg":"request","status":401,"latency":0.000216166,"method":"GET","path":"/admin/logs","ip":"::1"}
{"level":"info","ts":1772122159.804605,"caller":"middleware/logger.go:22","msg":"request","status":401,"latency":0.000255542,"method":"GET","path":"/admin/logs","ip":"::1"}
{"level":"info","ts":1772122164.8038259,"caller":"middleware/logger.go:22","msg":"request","status":401,"latency":0.000026208,"method":"GET","path":"/admin/logs","ip":"::1"}
{"level":"info","ts":1772122169.8135622,"caller":"middleware/logger.go:22","msg":"request","status":401,"latency":0.000107959,"method":"GET","path":"/admin/logs","ip":"::1"}
{"level":"info","ts":1772122174.80416,"caller":"middleware/logger.go:22","msg":"request","status":401,"latency":0.000022458,"method":"GET","path":"/admin/logs","ip":"::1"}
{"level":"info","ts":1772122179.813029,"caller":"middleware/logger.go:22","msg":"request","status":401,"latency":0.003044625,"method":"GET","path":"/admin/logs","ip":"::1"}
{"level":"info","ts":1772122184.8131032,"caller":"middleware/logger.go:22","msg":"request","status":401,"latency":0.000095708,"method":"GET","path":"/admin/logs","ip":"::1"}
{"level":"info","ts":1772122189.79971,"caller":"middleware/logger.go:22","msg":"request","status":401,"latency":0.000031042,"method":"GET","path":"/admin/logs","ip":"::1"}
{"level":"info","ts":1772122194.807301,"caller":"middleware/logger.go:22","msg":"request","status":401,"latency":0.000303666,"method":"GET","path":"/admin/logs","ip":"::1"}
{"level":"info","ts":1772122199.7984629,"caller":"middleware/logger.go:22","msg":"request","status":401,"latency":0.000032208,"method":"GET","path":"/admin/logs","ip":"::1"}
{"level":"info","ts":1772122204.8032498,"caller":"middleware/logger.go:22","msg":"request","status":401,"latency":0.000031666,"method":"GET","path":"/admin/logs","ip":"::1"}
{"level":"info","ts":1772122209.801813,"caller":"middleware/logger.go:22","msg":"request","status":401,"latency":0.001970584,"method":"GET","path":"/admin/logs","ip":"::1"}
{"level":"info","ts":1772122214.8269372,"caller":"middleware/logger.go:22","msg":"request","status":401,"latency":0.000385458,"method":"GET","path":"/admin/logs","ip":"::1"}
{"level":"info","ts":1772122219.800184,"caller":"middleware/logger.go:22","msg":"request","status":401,"latency":0.000025334,"method":"GET","path":"/admin/logs","ip":"::1"}
{"level":"info","ts":1772122224.7990022,"caller":"middleware/logger.go:22","msg":"request","status":401,"latency":0.000044459,"method":"GET","path":"/admin/logs","ip":"::1"}
{"level":"info","ts":1772122229.806884,"caller":"middleware/logger.go:22","msg":"request","status":401,"latency":0.00006775,"method":"GET","path":"/admin/logs","ip":"::1"}
{"level":"info","ts":1772122234.79772,"caller":"middleware/logger.go:22","msg":"request","status":401,"latency":0.000050166,"method":"GET","path":"/admin/logs","ip":"::1"}
{"level":"info","ts":1772122239.805268,"caller":"middleware/logger.go:22","msg":"request","status":401,"latency":0.000102791,"method":"GET","path":"/admin/logs","ip":"::1"}
{"level":"info","ts":1772122244.813337,"caller":"middleware/logger.go:22","msg":"request","status":401,"latency":0.000810625,"method":"GET","path":"/admin/logs","ip":"::1"}
{"level":"info","ts":1772122249.796304,"caller":"middleware/logger.go:22","msg":"request","status":401,"latency":0.000023125,"method":"GET","path":"/admin/logs","ip":"::1"}
{"level":"info","ts":1772122254.795129,"caller":"middleware/logger.go:22","msg":"request","status":401,"latency":0.000023333,"method":"GET","path":"/admin/logs","ip":"::1"}
{"level":"info","ts":1772122259.793529,"caller":"middleware/logger.go:22","msg":"request","status":401,"latency":0.000024208,"method":"GET","path":"/admin/logs","ip":"::1"}
{"level":"info","ts":1772122264.807293,"caller":"middleware/logger.go:22","msg":"request","status":401,"latency":0.0001145,"method":"GET","path":"/admin/logs","ip":"::1"}
{"level":"info","ts":1772122269.7985961,"caller":"middleware/logger.go:22","msg":"request","status":401,"latency":0.000021083,"method":"GET","path":"/admin/logs","ip":"::1"}
{"level":"info","ts":1772122274.812177,"caller":"middleware/logger.go:22","msg":"request","status":401,"latency":0.0001045,"method":"GET","path":"/admin/logs","ip":"::1"}
{"level":"info","ts":1772122279.7946188,"caller":"middleware/logger.go:22","msg":"request","status":401,"latency":0.000024125,"method":"GET","path":"/admin/logs","ip":"::1"}
{"level":"info","ts":1772122284.794462,"caller":"middleware/logger.go:22","msg":"request","status":401,"latency":0.000025708,"method":"GET","path":"/admin/logs","ip":"::1"}
{"level":"info","ts":1772122289.939744,"caller":"middleware/logger.go:22","msg":"request","status":401,"latency":0.000078625,"method":"GET","path":"/admin/logs","ip":"::1"}
{"level":"info","ts":1772122294.938306,"caller":"middleware/logger.go:22","msg":"request","status":401,"latency":0.000031125,"method":"GET","path":"/admin/logs","ip":"::1"}
{"level":"info","ts":1772122299.938539,"caller":"middleware/logger.go:22","msg":"request","status":401,"latency":0.000028667,"method":"GET","path":"/admin/logs","ip":"::1"}
{"level":"info","ts":1772122304.9384582,"caller":"middleware/logger.go:22","msg":"request","status":401,"latency":0.0000255,"method":"GET","path":"/admin/logs","ip":"::1"}
{"level":"info","ts":1772122309.942803,"caller":"middleware/logger.go:22","msg":"request","status":401,"latency":0.00005175,"method":"GET","path":"/admin/logs","ip":"::1"}
{"level":"info","ts":1772122314.937793,"caller":"middleware/logger.go:22","msg":"request","status":401,"latency":0.000023167,"method":"GET","path":"/admin/logs","ip":"::1"}
{"level":"info","ts":1772122319.936676,"caller":"middleware/logger.go:22","msg":"request","status":401,"latency":0.000026625,"method":"GET","path":"/admin/logs","ip":"::1"}
{"level":"info","ts":1772122324.937557,"caller":"middleware/logger.go:22","msg":"request","status":401,"latency":0.000083375,"method":"GET","path":"/admin/logs","ip":"::1"}
{"level":"info","ts":1772122329.940883,"caller":"middleware/logger.go:22","msg":"request","status":401,"latency":0.000023917,"method":"GET","path":"/admin/logs","ip":"::1"}
{"level":"info","ts":1772122334.936492,"caller":"middleware/logger.go:22","msg":"request","status":401,"latency":0.000042542,"method":"GET","path":"/admin/logs","ip":"::1"}
{"level":"info","ts":1772122339.939084,"caller":"middleware/logger.go:22","msg":"request","status":401,"latency":0.000023958,"method":"GET","path":"/admin/logs","ip":"::1"}
{"level":"info","ts":1772122344.944698,"caller":"middleware/logger.go:22","msg":"request","status":401,"latency":0.000252542,"method":"GET","path":"/admin/logs","ip":"::1"}
{"level":"info","ts":1772122381.9471161,"caller":"middleware/logger.go:22","msg":"request","status":401,"latency":0.000120792,"method":"GET","path":"/admin/logs","ip":"::1"}
{"level":"info","ts":1772122382.504402,"caller":"middleware/logger.go:22","msg":"request","status":200,"latency":0.003010416,"method":"GET","path":"/","ip":"::1"}
{"level":"info","ts":1772122384.287381,"caller":"middleware/logger.go:22","msg":"request","status":200,"latency":0.000066417,"method":"GET","path":"/","ip":"::1"}
signal: killed
[GIN-debug] [WARNING] Running in "debug" mode. Switch to "release" mode in production.
 - using env:	export GIN_MODE=release
 - using code:	gin.SetMode(gin.ReleaseMode)

[GIN-debug] GET    /health                   --> main.main.func1 (5 handlers)
[GIN-debug] GET    /                         --> main.main.func2 (5 handlers)
[GIN-debug] GET    /index.html               --> main.main.func3 (5 handlers)
[GIN-debug] POST   /activate                 --> license-server/internal/handler.(*LicenseHandler).Activate-fm (6 handlers)
[GIN-debug] POST   /license/refresh          --> license-server/internal/handler.(*LicenseHandler).Refresh-fm (6 handlers)
[GIN-debug] POST   /validate                 --> license-server/internal/handler.(*LicenseHandler).Validate-fm (6 handlers)
[GIN-debug] GET    /admin/logs               --> main.main.func4 (7 handlers)
[GIN-debug] POST   /admin/revoke             --> license-server/internal/handler.(*LicenseHandler).AdminRevoke-fm (7 handlers)
[GIN-debug] POST   /admin/activate           --> license-server/internal/handler.(*LicenseHandler).AdminActivate-fm (7 handlers)
[GIN-debug] POST   /admin/licenses           --> license-server/internal/handler.(*LicenseHandler).AdminCreate-fm (7 handlers)
{"level":"info","ts":1772122729.210143,"caller":"middleware/logger.go:22","msg":"request","status":200,"latency":0.000139333,"method":"GET","path":"/health","ip":"::1"}

2026/02/26 18:18:49 [31;1m/Users/santori/Desktop/TEST_KICK/kick-chat/license-server/internal/repository/license.go:34 [35;1mERROR: duplicate key value violates unique constraint "idx_licenses_license_key" (SQLSTATE 23505)
[0m[33m[6.356ms] [34;1m[rows:0][0m INSERT INTO "licenses" ("id","license_key","status","expires_at","max_activations","current_activations","hw_id","created_at","updated_at","deleted_at") VALUES ('5a8bbe5b-671f-4e23-8aeb-0c22938574fa','TEST-KEY-1234','active','2026-03-28 16:18:49',3,0,'','2026-02-26 18:18:49.239','2026-02-26 18:18:49.239',NULL)
{"level":"info","ts":1772122729.244713,"caller":"middleware/logger.go:22","msg":"request","status":500,"latency":0.010164,"method":"POST","path":"/admin/licenses","ip":"::1"}
{"level":"info","ts":1772122733.9931781,"caller":"middleware/logger.go:22","msg":"request","status":200,"latency":0.000279584,"method":"GET","path":"/","ip":"::1"}
{"level":"info","ts":1772122763.122489,"caller":"middleware/logger.go:22","msg":"request","status":401,"latency":0.000168958,"method":"GET","path":"/admin/logs","ip":"::1"}
{"level":"info","ts":1772122765.677944,"caller":"middleware/logger.go:22","msg":"request","status":401,"latency":0.000023083,"method":"GET","path":"/admin/logs","ip":"::1"}
{"level":"info","ts":1772122767.24305,"caller":"middleware/logger.go:22","msg":"request","status":401,"latency":0.000028375,"method":"GET","path":"/admin/logs","ip":"::1"}
{"level":"info","ts":1772122770.6808782,"caller":"middleware/logger.go:22","msg":"request","status":401,"latency":0.000065833,"method":"GET","path":"/admin/logs","ip":"::1"}
{"level":"info","ts":1772122773.693304,"caller":"middleware/logger.go:22","msg":"request","status":401,"latency":0.000036958,"method":"GET","path":"/admin/logs","ip":"::1"}
{"level":"info","ts":1772122774.79428,"caller":"middleware/logger.go:22","msg":"request","status":401,"latency":0.000035959,"method":"GET","path":"/admin/logs","ip":"::1"}
{"level":"info","ts":1772122775.0249228,"caller":"middleware/logger.go:22","msg":"request","status":401,"latency":0.000022959,"method":"GET","path":"/admin/logs","ip":"::1"}
{"level":"info","ts":1772122775.677737,"caller":"middleware/logger.go:22","msg":"request","status":401,"latency":0.000032917,"method":"GET","path":"/admin/logs","ip":"::1"}
{"level":"info","ts":1772122776.377834,"caller":"middleware/logger.go:22","msg":"request","status":401,"latency":0.000020583,"method":"GET","path":"/admin/logs","ip":"::1"}
{"level":"info","ts":1772122777.4772182,"caller":"middleware/logger.go:22","msg":"request","status":401,"latency":0.000036667,"method":"GET","path":"/admin/logs","ip":"::1"}
{"level":"info","ts":1772122778.082069,"caller":"middleware/logger.go:22","msg":"request","status":200,"latency":0.000094084,"method":"GET","path":"/","ip":"::1"}
{"level":"info","ts":1772122788.975598,"caller":"middleware/logger.go:22","msg":"request","status":401,"latency":0.000034,"method":"GET","path":"/admin/logs","ip":"::1"}
{"level":"info","ts":1772123522.5701928,"caller":"middleware/logger.go:22","msg":"request","status":200,"latency":0.012812333,"method":"GET","path":"/","ip":"::1"}
signal: killed
{"level":"fatal","ts":1772123658.2971368,"caller":"server/main.go:36","msg":"config load","error":"ADMIN_API_KEY is required","stacktrace":"main.main\n\t/Users/santori/Desktop/TEST_KICK/kick-chat/license-server/cmd/server/main.go:36\nruntime.main\n\t/usr/local/go/src/runtime/proc.go:283"}
exit status 1
[GIN-debug] [WARNING] Running in "debug" mode. Switch to "release" mode in production.
 - using env:	export GIN_MODE=release
 - using code:	gin.SetMode(gin.ReleaseMode)

[GIN-debug] GET    /health                   --> main.main.func1 (5 handlers)
[GIN-debug] GET    /                         --> main.main.func2 (5 handlers)
[GIN-debug] GET    /index.html               --> main.main.func3 (5 handlers)
[GIN-debug] POST   /activate                 --> license-server/internal/handler.(*LicenseHandler).Activate-fm (6 handlers)
[GIN-debug] POST   /license/refresh          --> license-server/internal/handler.(*LicenseHandler).Refresh-fm (6 handlers)
[GIN-debug] POST   /validate                 --> license-server/internal/handler.(*LicenseHandler).Validate-fm (6 handlers)
[GIN-debug] GET    /admin/logs               --> main.main.func4 (7 handlers)
[GIN-debug] POST   /admin/revoke             --> license-server/internal/handler.(*LicenseHandler).AdminRevoke-fm (7 handlers)
[GIN-debug] POST   /admin/activate           --> license-server/internal/handler.(*LicenseHandler).AdminActivate-fm (7 handlers)
[GIN-debug] POST   /admin/licenses           --> license-server/internal/handler.(*LicenseHandler).AdminCreate-fm (7 handlers)
{"level":"info","ts":1772123867.390878,"caller":"middleware/logger.go:22","msg":"request","status":200,"latency":0.000120583,"method":"GET","path":"/health","ip":"::1"}

2026/02/26 18:37:47 [31;1m/Users/santori/Desktop/TEST_KICK/kick-chat/license-server/internal/repository/license.go:34 [35;1mERROR: duplicate key value violates unique constraint "idx_licenses_license_key" (SQLSTATE 23505)
[0m[33m[4.854ms] [34;1m[rows:0][0m INSERT INTO "licenses" ("id","license_key","status","expires_at","max_activations","current_activations","hw_id","created_at","updated_at","deleted_at") VALUES ('95beecd5-2ca1-40df-8df0-a6abb5cd0293','TEST-KEY-1234','active','2026-03-28 16:37:47',3,0,'','2026-02-26 18:37:47.419','2026-02-26 18:37:47.419',NULL)
{"level":"info","ts":1772123867.423587,"caller":"middleware/logger.go:22","msg":"request","status":500,"latency":0.007591,"method":"POST","path":"/admin/licenses","ip":"::1"}
{"level":"info","ts":1772123880.088365,"caller":"middleware/logger.go:22","msg":"request","status":200,"latency":0.000603667,"method":"GET","path":"/","ip":"::1"}
{"level":"info","ts":1772123881.0981,"caller":"middleware/logger.go:22","msg":"request","status":404,"latency":0.000008666,"method":"GET","path":"/favicon.ico","ip":"::1"}
{"level":"info","ts":1772123895.081965,"caller":"middleware/logger.go:22","msg":"request","status":200,"latency":0.000120333,"method":"GET","path":"/health","ip":"::1"}
{"level":"info","ts":1772123896.692467,"caller":"middleware/logger.go:22","msg":"request","status":200,"latency":0.002707208,"method":"GET","path":"/admin/logs","ip":"::1"}
{"level":"info","ts":1772123900.9808168,"caller":"middleware/logger.go:22","msg":"request","status":200,"latency":0.001379375,"method":"GET","path":"/admin/logs","ip":"::1"}
{"level":"info","ts":1772123905.985404,"caller":"middleware/logger.go:22","msg":"request","status":200,"latency":0.001723166,"method":"GET","path":"/admin/logs","ip":"::1"}
{"level":"info","ts":1772123910.989653,"caller":"middleware/logger.go:22","msg":"request","status":200,"latency":0.003435084,"method":"GET","path":"/admin/logs","ip":"::1"}
{"level":"info","ts":1772123915.987345,"caller":"middleware/logger.go:22","msg":"request","status":200,"latency":0.001951833,"method":"GET","path":"/admin/logs","ip":"::1"}
{"level":"info","ts":1772123920.999208,"caller":"middleware/logger.go:22","msg":"request","status":200,"latency":0.004230209,"method":"GET","path":"/admin/logs","ip":"::1"}
{"level":"info","ts":1772124304.2450612,"caller":"middleware/logger.go:22","msg":"request","status":200,"latency":0.0125905,"method":"GET","path":"/admin/logs","ip":"::1"}
{"level":"info","ts":1772124309.201045,"caller":"middleware/logger.go:22","msg":"request","status":200,"latency":0.016119375,"method":"GET","path":"/admin/logs","ip":"::1"}
{"level":"info","ts":1772124314.1867409,"caller":"middleware/logger.go:22","msg":"request","status":200,"latency":0.002462459,"method":"GET","path":"/admin/logs","ip":"::1"}
{"level":"info","ts":1772124319.185798,"caller":"middleware/logger.go:22","msg":"request","status":200,"latency":0.002317166,"method":"GET","path":"/admin/logs","ip":"::1"}
{"level":"info","ts":1772124324.1832252,"caller":"middleware/logger.go:22","msg":"request","status":200,"latency":0.002261875,"method":"GET","path":"/admin/logs","ip":"::1"}
{"level":"info","ts":1772124329.18165,"caller":"middleware/logger.go:22","msg":"request","status":200,"latency":0.001714292,"method":"GET","path":"/admin/logs","ip":"::1"}
{"level":"info","ts":1772124364.738861,"caller":"middleware/logger.go:22","msg":"request","status":200,"latency":0.00220275,"method":"GET","path":"/admin/logs","ip":"::1"}
{"level":"info","ts":1772124370.029981,"caller":"middleware/logger.go:22","msg":"request","status":200,"latency":0.001850625,"method":"GET","path":"/admin/logs","ip":"::1"}
{"level":"info","ts":1772124375.031849,"caller":"middleware/logger.go:22","msg":"request","status":200,"latency":0.002334708,"method":"GET","path":"/admin/logs","ip":"::1"}
{"level":"info","ts":1772124380.2924318,"caller":"middleware/logger.go:22","msg":"request","status":200,"latency":0.002559417,"method":"GET","path":"/admin/logs","ip":"::1"}
{"level":"info","ts":1772124385.397452,"caller":"middleware/logger.go:22","msg":"request","status":200,"latency":0.002714666,"method":"GET","path":"/admin/logs","ip":"::1"}
{"level":"info","ts":1772124390.402909,"caller":"middleware/logger.go:22","msg":"request","status":200,"latency":0.00390675,"method":"GET","path":"/admin/logs","ip":"::1"}
{"level":"info","ts":1772124395.5184598,"caller":"middleware/logger.go:22","msg":"request","status":200,"latency":0.001996625,"method":"GET","path":"/admin/logs","ip":"::1"}
{"level":"info","ts":1772124400.780608,"caller":"middleware/logger.go:22","msg":"request","status":200,"latency":0.002181959,"method":"GET","path":"/admin/logs","ip":"::1"}
{"level":"info","ts":1772124405.785289,"caller":"middleware/logger.go:22","msg":"request","status":200,"latency":0.001901333,"method":"GET","path":"/admin/logs","ip":"::1"}
{"level":"info","ts":1772124478.130684,"caller":"middleware/logger.go:22","msg":"request","status":200,"latency":0.002305,"method":"GET","path":"/admin/logs","ip":"::1"}
{"level":"info","ts":1772124483.126878,"caller":"middleware/logger.go:22","msg":"request","status":200,"latency":0.002235583,"method":"GET","path":"/admin/logs","ip":"::1"}
{"level":"info","ts":1772124488.128669,"caller":"middleware/logger.go:22","msg":"request","status":200,"latency":0.00250075,"method":"GET","path":"/admin/logs","ip":"::1"}
{"level":"info","ts":1772124493.1236968,"caller":"middleware/logger.go:22","msg":"request","status":200,"latency":0.001596458,"method":"GET","path":"/admin/logs","ip":"::1"}
{"level":"info","ts":1772124498.125767,"caller":"middleware/logger.go:22","msg":"request","status":200,"latency":0.002329541,"method":"GET","path":"/admin/logs","ip":"::1"}
{"level":"info","ts":1772124503.124903,"caller":"middleware/logger.go:22","msg":"request","status":200,"latency":0.002343375,"method":"GET","path":"/admin/logs","ip":"::1"}
{"level":"info","ts":1772124508.23898,"caller":"middleware/logger.go:22","msg":"request","status":200,"latency":0.002262833,"method":"GET","path":"/admin/logs","ip":"::1"}
{"level":"info","ts":1772124513.4523132,"caller":"middleware/logger.go:22","msg":"request","status":200,"latency":0.005039791,"method":"GET","path":"/admin/logs","ip":"::1"}
{"level":"info","ts":1772124518.4476218,"caller":"middleware/logger.go:22","msg":"request","status":200,"latency":0.002421666,"method":"GET","path":"/admin/logs","ip":"::1"}
{"level":"info","ts":1772124523.9156532,"caller":"middleware/logger.go:22","msg":"request","status":200,"latency":0.002529208,"method":"GET","path":"/admin/logs","ip":"::1"}
{"level":"info","ts":1772124529.03014,"caller":"middleware/logger.go:22","msg":"request","status":200,"latency":0.006340666,"method":"GET","path":"/admin/logs","ip":"::1"}
{"level":"info","ts":1772124534.026468,"caller":"middleware/logger.go:22","msg":"request","status":200,"latency":0.005027875,"method":"GET","path":"/admin/logs","ip":"::1"}
{"level":"info","ts":1772124539.257379,"caller":"middleware/logger.go:22","msg":"request","status":200,"latency":0.002284875,"method":"GET","path":"/admin/logs","ip":"::1"}
{"level":"info","ts":1772124648.7411358,"caller":"middleware/logger.go:22","msg":"request","status":200,"latency":0.002077833,"method":"GET","path":"/admin/logs","ip":"::1"}
{"level":"info","ts":1772124653.753793,"caller":"middleware/logger.go:22","msg":"request","status":200,"latency":0.003108542,"method":"GET","path":"/admin/logs","ip":"::1"}
{"level":"info","ts":1772124658.737021,"caller":"middleware/logger.go:22","msg":"request","status":200,"latency":0.001617334,"method":"GET","path":"/admin/logs","ip":"::1"}
{"level":"info","ts":1772124663.736952,"caller":"middleware/logger.go:22","msg":"request","status":200,"latency":0.00209875,"method":"GET","path":"/admin/logs","ip":"::1"}
{"level":"info","ts":1772124668.736552,"caller":"middleware/logger.go:22","msg":"request","status":200,"latency":0.002427375,"method":"GET","path":"/admin/logs","ip":"::1"}
{"level":"info","ts":1772124673.737131,"caller":"middleware/logger.go:22","msg":"request","status":200,"latency":0.002382125,"method":"GET","path":"/admin/logs","ip":"::1"}
{"level":"info","ts":1772124679.354348,"caller":"middleware/logger.go:22","msg":"request","status":200,"latency":0.001354875,"method":"GET","path":"/admin/logs","ip":"::1"}
{"level":"info","ts":1772124684.357034,"caller":"middleware/logger.go:22","msg":"request","status":200,"latency":0.001924792,"method":"GET","path":"/admin/logs","ip":"::1"}
{"level":"info","ts":1772124689.520054,"caller":"middleware/logger.go:22","msg":"request","status":200,"latency":0.001773875,"method":"GET","path":"/admin/logs","ip":"::1"}
{"level":"info","ts":1772124695.0714262,"caller":"middleware/logger.go:22","msg":"request","status":200,"latency":0.003894542,"method":"GET","path":"/admin/logs","ip":"::1"}
{"level":"info","ts":1772124700.0677388,"caller":"middleware/logger.go:22","msg":"request","status":200,"latency":0.002588375,"method":"GET","path":"/admin/logs","ip":"::1"}
{"level":"info","ts":1772124705.158321,"caller":"middleware/logger.go:22","msg":"request","status":200,"latency":0.002264583,"method":"GET","path":"/admin/logs","ip":"::1"}
{"level":"info","ts":1772124710.895374,"caller":"middleware/logger.go:22","msg":"request","status":200,"latency":0.002001667,"method":"GET","path":"/admin/logs","ip":"::1"}
{"level":"info","ts":1772124715.8996239,"caller":"middleware/logger.go:22","msg":"request","status":200,"latency":0.002586125,"method":"GET","path":"/admin/logs","ip":"::1"}
{"level":"info","ts":1772124760.447794,"caller":"middleware/logger.go:22","msg":"request","status":200,"latency":0.002481042,"method":"GET","path":"/admin/logs","ip":"::1"}
{"level":"info","ts":1772125775.357014,"caller":"middleware/logger.go:22","msg":"request","status":200,"latency":0.002439375,"method":"GET","path":"/admin/logs","ip":"::1"}
{"level":"info","ts":1772125780.351868,"caller":"middleware/logger.go:22","msg":"request","status":200,"latency":0.010869208,"method":"GET","path":"/admin/logs","ip":"::1"}
{"level":"info","ts":1772125785.338476,"caller":"middleware/logger.go:22","msg":"request","status":200,"latency":0.002047417,"method":"GET","path":"/admin/logs","ip":"::1"}
{"level":"info","ts":1772125790.336294,"caller":"middleware/logger.go:22","msg":"request","status":200,"latency":0.003308916,"method":"GET","path":"/admin/logs","ip":"::1"}
{"level":"info","ts":1772125795.3315651,"caller":"middleware/logger.go:22","msg":"request","status":200,"latency":0.002057833,"method":"GET","path":"/admin/logs","ip":"::1"}
{"level":"info","ts":1772126795.1741922,"caller":"middleware/logger.go:22","msg":"request","status":200,"latency":0.026475625,"method":"GET","path":"/admin/logs","ip":"::1"}
{"level":"info","ts":1772126801.874012,"caller":"middleware/logger.go:22","msg":"request","status":200,"latency":1.722702583,"method":"GET","path":"/admin/logs","ip":"::1"}
{"level":"info","ts":1772126805.180293,"caller":"middleware/logger.go:22","msg":"request","status":200,"latency":0.015903208,"method":"GET","path":"/admin/logs","ip":"::1"}
{"level":"info","ts":1772126810.138997,"caller":"middleware/logger.go:22","msg":"request","status":200,"latency":0.003948416,"method":"GET","path":"/admin/logs","ip":"::1"}
{"level":"info","ts":1772126815.14352,"caller":"middleware/logger.go:22","msg":"request","status":200,"latency":0.005086625,"method":"GET","path":"/admin/logs","ip":"::1"}
{"level":"info","ts":1772126820.140672,"caller":"middleware/logger.go:22","msg":"request","status":200,"latency":0.006171708,"method":"GET","path":"/admin/logs","ip":"::1"}
{"level":"info","ts":1772126825.140139,"caller":"middleware/logger.go:22","msg":"request","status":200,"latency":0.008049,"method":"GET","path":"/admin/logs","ip":"::1"}
{"level":"info","ts":1772126830.135215,"caller":"middleware/logger.go:22","msg":"request","status":200,"latency":0.00355375,"method":"GET","path":"/admin/logs","ip":"::1"}
{"level":"info","ts":1772126835.1372008,"caller":"middleware/logger.go:22","msg":"request","status":200,"latency":0.002859041,"method":"GET","path":"/admin/logs","ip":"::1"}
{"level":"info","ts":1772126840.1344168,"caller":"middleware/logger.go:22","msg":"request","status":200,"latency":0.003444875,"method":"GET","path":"/admin/logs","ip":"::1"}
{"level":"info","ts":1772126845.128623,"caller":"middleware/logger.go:22","msg":"request","status":200,"latency":0.001508333,"method":"GET","path":"/admin/logs","ip":"::1"}
{"level":"info","ts":1772126850.136229,"caller":"middleware/logger.go:22","msg":"request","status":200,"latency":0.005212958,"method":"GET","path":"/admin/logs","ip":"::1"}
{"level":"info","ts":1772126855.124345,"caller":"middleware/logger.go:22","msg":"request","status":200,"latency":0.001702959,"method":"GET","path":"/admin/logs","ip":"::1"}
{"level":"info","ts":1772126860.148927,"caller":"middleware/logger.go:22","msg":"request","status":200,"latency":0.012728084,"method":"GET","path":"/admin/logs","ip":"::1"}
{"level":"info","ts":1772126865.123339,"caller":"middleware/logger.go:22","msg":"request","status":200,"latency":0.0016675,"method":"GET","path":"/admin/logs","ip":"::1"}
{"level":"info","ts":1772126870.125907,"caller":"middleware/logger.go:22","msg":"request","status":200,"latency":0.001768291,"method":"GET","path":"/admin/logs","ip":"::1"}
{"level":"info","ts":1772126875.128125,"caller":"middleware/logger.go:22","msg":"request","status":200,"latency":0.002023667,"method":"GET","path":"/admin/logs","ip":"::1"}
{"level":"info","ts":1772126880.125213,"caller":"middleware/logger.go:22","msg":"request","status":200,"latency":0.002111375,"method":"GET","path":"/admin/logs","ip":"::1"}
{"level":"info","ts":1772126885.1234539,"caller":"middleware/logger.go:22","msg":"request","status":200,"latency":0.001760167,"method":"GET","path":"/admin/logs","ip":"::1"}
{"level":"info","ts":1772126890.135472,"caller":"middleware/logger.go:22","msg":"request","status":200,"latency":0.002084083,"method":"GET","path":"/admin/logs","ip":"::1"}
{"level":"info","ts":1772126895.129376,"caller":"middleware/logger.go:22","msg":"request","status":200,"latency":0.002191375,"method":"GET","path":"/admin/logs","ip":"::1"}
{"level":"info","ts":1772126900.133961,"caller":"middleware/logger.go:22","msg":"request","status":200,"latency":0.00400075,"method":"GET","path":"/admin/logs","ip":"::1"}
{"level":"info","ts":1772126905.124216,"caller":"middleware/logger.go:22","msg":"request","status":200,"latency":0.002243208,"method":"GET","path":"/admin/logs","ip":"::1"}
{"level":"info","ts":1772126910.124635,"caller":"middleware/logger.go:22","msg":"request","status":200,"latency":0.00302625,"method":"GET","path":"/admin/logs","ip":"::1"}
{"level":"info","ts":1772126915.1388228,"caller":"middleware/logger.go:22","msg":"request","status":200,"latency":0.004074708,"method":"GET","path":"/admin/logs","ip":"::1"}
{"level":"info","ts":1772126920.1246731,"caller":"middleware/logger.go:22","msg":"request","status":200,"latency":0.002213334,"method":"GET","path":"/admin/logs","ip":"::1"}
{"level":"info","ts":1772126925.1294541,"caller":"middleware/logger.go:22","msg":"request","status":200,"latency":0.002756667,"method":"GET","path":"/admin/logs","ip":"::1"}
{"level":"info","ts":1772126930.125194,"caller":"middleware/logger.go:22","msg":"request","status":200,"latency":0.001923833,"method":"GET","path":"/admin/logs","ip":"::1"}
{"level":"info","ts":1772126935.123214,"caller":"middleware/logger.go:22","msg":"request","status":200,"latency":0.001875084,"method":"GET","path":"/admin/logs","ip":"::1"}
{"level":"info","ts":1772126940.121997,"caller":"middleware/logger.go:22","msg":"request","status":200,"latency":0.002049709,"method":"GET","path":"/admin/logs","ip":"::1"}
{"level":"info","ts":1772126945.1224651,"caller":"middleware/logger.go:22","msg":"request","status":200,"latency":0.001954083,"method":"GET","path":"/admin/logs","ip":"::1"}
{"level":"info","ts":1772126950.1232069,"caller":"middleware/logger.go:22","msg":"request","status":200,"latency":0.001908875,"method":"GET","path":"/admin/logs","ip":"::1"}
{"level":"info","ts":1772126955.120477,"caller":"middleware/logger.go:22","msg":"request","status":200,"latency":0.00172275,"method":"GET","path":"/admin/logs","ip":"::1"}
{"level":"info","ts":1772126960.123177,"caller":"middleware/logger.go:22","msg":"request","status":200,"latency":0.002466292,"method":"GET","path":"/admin/logs","ip":"::1"}
{"level":"info","ts":1772126965.122373,"caller":"middleware/logger.go:22","msg":"request","status":200,"latency":0.00187625,"method":"GET","path":"/admin/logs","ip":"::1"}
{"level":"info","ts":1772126970.1203232,"caller":"middleware/logger.go:22","msg":"request","status":200,"latency":0.001733042,"method":"GET","path":"/admin/logs","ip":"::1"}
{"level":"info","ts":1772126975.1194408,"caller":"middleware/logger.go:22","msg":"request","status":200,"latency":0.0021135,"method":"GET","path":"/admin/logs","ip":"::1"}
{"level":"info","ts":1772126980.121705,"caller":"middleware/logger.go:22","msg":"request","status":200,"latency":0.001831958,"method":"GET","path":"/admin/logs","ip":"::1"}
{"level":"info","ts":1772126985.1234791,"caller":"middleware/logger.go:22","msg":"request","status":200,"latency":0.004450541,"method":"GET","path":"/admin/logs","ip":"::1"}
{"level":"info","ts":1772126990.122775,"caller":"middleware/logger.go:22","msg":"request","status":200,"latency":0.002460292,"method":"GET","path":"/admin/logs","ip":"::1"}
{"level":"info","ts":1772126995.121387,"caller":"middleware/logger.go:22","msg":"request","status":200,"latency":0.001878167,"method":"GET","path":"/admin/logs","ip":"::1"}
{"level":"info","ts":1772127000.119612,"caller":"middleware/logger.go:22","msg":"request","status":200,"latency":0.001728292,"method":"GET","path":"/admin/logs","ip":"::1"}
{"level":"info","ts":1772127005.120468,"caller":"middleware/logger.go:22","msg":"request","status":200,"latency":0.002832042,"method":"GET","path":"/admin/logs","ip":"::1"}
{"level":"info","ts":1772127010.120598,"caller":"middleware/logger.go:22","msg":"request","status":200,"latency":0.001832083,"method":"GET","path":"/admin/logs","ip":"::1"}
{"level":"info","ts":1772127015.118439,"caller":"middleware/logger.go:22","msg":"request","status":200,"latency":0.001769458,"method":"GET","path":"/admin/logs","ip":"::1"}
{"level":"info","ts":1772127020.119734,"caller":"middleware/logger.go:22","msg":"request","status":200,"latency":0.002399125,"method":"GET","path":"/admin/logs","ip":"::1"}
{"level":"info","ts":1772127025.117384,"caller":"middleware/logger.go:22","msg":"request","status":200,"latency":0.001741917,"method":"GET","path":"/admin/logs","ip":"::1"}
{"level":"info","ts":1772127030.1188061,"caller":"middleware/logger.go:22","msg":"request","status":200,"latency":0.002896125,"method":"GET","path":"/admin/logs","ip":"::1"}
{"level":"info","ts":1772127035.123608,"caller":"middleware/logger.go:22","msg":"request","status":200,"latency":0.002398583,"method":"GET","path":"/admin/logs","ip":"::1"}
{"level":"info","ts":1772127040.1208918,"caller":"middleware/logger.go:22","msg":"request","status":200,"latency":0.003759875,"method":"GET","path":"/admin/logs","ip":"::1"}
{"level":"info","ts":1772127045.11904,"caller":"middleware/logger.go:22","msg":"request","status":200,"latency":0.002001292,"method":"GET","path":"/admin/logs","ip":"::1"}
{"level":"info","ts":1772127050.1202781,"caller":"middleware/logger.go:22","msg":"request","status":200,"latency":0.0025225,"method":"GET","path":"/admin/logs","ip":"::1"}
{"level":"info","ts":1772127055.117708,"caller":"middleware/logger.go:22","msg":"request","status":200,"latency":0.00189725,"method":"GET","path":"/admin/logs","ip":"::1"}
{"level":"info","ts":1772127060.118238,"caller":"middleware/logger.go:22","msg":"request","status":200,"latency":0.001664083,"method":"GET","path":"/admin/logs","ip":"::1"}
{"level":"info","ts":1772127065.118294,"caller":"middleware/logger.go:22","msg":"request","status":200,"latency":0.002157209,"method":"GET","path":"/admin/logs","ip":"::1"}
{"level":"info","ts":1772127070.12054,"caller":"middleware/logger.go:22","msg":"request","status":200,"latency":0.006015208,"method":"GET","path":"/admin/logs","ip":"::1"}
{"level":"info","ts":1772127075.118967,"caller":"middleware/logger.go:22","msg":"request","status":200,"latency":0.002383417,"method":"GET","path":"/admin/logs","ip":"::1"}
{"level":"info","ts":1772127080.1174788,"caller":"middleware/logger.go:22","msg":"request","status":200,"latency":0.002873833,"method":"GET","path":"/admin/logs","ip":"::1"}
{"level":"info","ts":1772127085.11437,"caller":"middleware/logger.go:22","msg":"request","status":200,"latency":0.00179125,"method":"GET","path":"/admin/logs","ip":"::1"}
{"level":"info","ts":1772127090.117304,"caller":"middleware/logger.go:22","msg":"request","status":200,"latency":0.002367583,"method":"GET","path":"/admin/logs","ip":"::1"}
{"level":"info","ts":1772127095.116815,"caller":"middleware/logger.go:22","msg":"request","status":200,"latency":0.002357625,"method":"GET","path":"/admin/logs","ip":"::1"}
{"level":"info","ts":1772127100.119262,"caller":"middleware/logger.go:22","msg":"request","status":200,"latency":0.002195125,"method":"GET","path":"/admin/logs","ip":"::1"}
{"level":"info","ts":1772127105.128534,"caller":"middleware/logger.go:22","msg":"request","status":200,"latency":0.005594125,"method":"GET","path":"/admin/logs","ip":"::1"}
{"level":"info","ts":1772127110.116619,"caller":"middleware/logger.go:22","msg":"request","status":200,"latency":0.001745125,"method":"GET","path":"/admin/logs","ip":"::1"}
{"level":"info","ts":1772127115.1192992,"caller":"middleware/logger.go:22","msg":"request","status":200,"latency":0.001552667,"method":"GET","path":"/admin/logs","ip":"::1"}
{"level":"info","ts":1772127120.115255,"caller":"middleware/logger.go:22","msg":"request","status":200,"latency":0.0022845,"method":"GET","path":"/admin/logs","ip":"::1"}
{"level":"info","ts":1772127125.11835,"caller":"middleware/logger.go:22","msg":"request","status":200,"latency":0.002175917,"method":"GET","path":"/admin/logs","ip":"::1"}
{"level":"info","ts":1772127130.113742,"caller":"middleware/logger.go:22","msg":"request","status":200,"latency":0.001743667,"method":"GET","path":"/admin/logs","ip":"::1"}
{"level":"info","ts":1772127135.1163058,"caller":"middleware/logger.go:22","msg":"request","status":200,"latency":0.00485625,"method":"GET","path":"/admin/logs","ip":"::1"}
{"level":"info","ts":1772127140.115246,"caller":"middleware/logger.go:22","msg":"request","status":200,"latency":0.0018965,"method":"GET","path":"/admin/logs","ip":"::1"}
{"level":"info","ts":1772127145.1129758,"caller":"middleware/logger.go:22","msg":"request","status":200,"latency":0.001787084,"method":"GET","path":"/admin/logs","ip":"::1"}
{"level":"info","ts":1772127150.115223,"caller":"middleware/logger.go:22","msg":"request","status":200,"latency":0.003696583,"method":"GET","path":"/admin/logs","ip":"::1"}
{"level":"info","ts":1772127155.1159492,"caller":"middleware/logger.go:22","msg":"request","status":200,"latency":0.00331175,"method":"GET","path":"/admin/logs","ip":"::1"}
{"level":"info","ts":1772127160.1123571,"caller":"middleware/logger.go:22","msg":"request","status":200,"latency":0.001828417,"method":"GET","path":"/admin/logs","ip":"::1"}
{"level":"info","ts":1772127165.120422,"caller":"middleware/logger.go:22","msg":"request","status":200,"latency":0.003616125,"method":"GET","path":"/admin/logs","ip":"::1"}
{"level":"info","ts":1772127170.111263,"caller":"middleware/logger.go:22","msg":"request","status":200,"latency":0.002044416,"method":"GET","path":"/admin/logs","ip":"::1"}
{"level":"info","ts":1772127175.128882,"caller":"middleware/logger.go:22","msg":"request","status":200,"latency":0.005385666,"method":"GET","path":"/admin/logs","ip":"::1"}
{"level":"info","ts":1772127180.1147141,"caller":"middleware/logger.go:22","msg":"request","status":200,"latency":0.002355541,"method":"GET","path":"/admin/logs","ip":"::1"}
{"level":"info","ts":1772127185.11185,"caller":"middleware/logger.go:22","msg":"request","status":200,"latency":0.002443708,"method":"GET","path":"/admin/logs","ip":"::1"}
{"level":"info","ts":1772127190.113495,"caller":"middleware/logger.go:22","msg":"request","status":200,"latency":0.00204775,"method":"GET","path":"/admin/logs","ip":"::1"}
{"level":"info","ts":1772127195.111192,"caller":"middleware/logger.go:22","msg":"request","status":200,"latency":0.001557041,"method":"GET","path":"/admin/logs","ip":"::1"}
{"level":"info","ts":1772127200.111972,"caller":"middleware/logger.go:22","msg":"request","status":200,"latency":0.00235775,"method":"GET","path":"/admin/logs","ip":"::1"}
{"level":"info","ts":1772127205.109469,"caller":"middleware/logger.go:22","msg":"request","status":200,"latency":0.001807417,"method":"GET","path":"/admin/logs","ip":"::1"}
{"level":"info","ts":1772127210.107966,"caller":"middleware/logger.go:22","msg":"request","status":200,"latency":0.002726417,"method":"GET","path":"/admin/logs","ip":"::1"}
{"level":"info","ts":1772127215.116693,"caller":"middleware/logger.go:22","msg":"request","status":200,"latency":0.001677125,"method":"GET","path":"/admin/logs","ip":"::1"}
{"level":"info","ts":1772127220.111558,"caller":"middleware/logger.go:22","msg":"request","status":200,"latency":0.002795625,"method":"GET","path":"/admin/logs","ip":"::1"}
{"level":"info","ts":1772127225.1097999,"caller":"middleware/logger.go:22","msg":"request","status":200,"latency":0.001749708,"method":"GET","path":"/admin/logs","ip":"::1"}
{"level":"info","ts":1772127230.112946,"caller":"middleware/logger.go:22","msg":"request","status":200,"latency":0.004485708,"method":"GET","path":"/admin/logs","ip":"::1"}
{"level":"info","ts":1772127235.106863,"caller":"middleware/logger.go:22","msg":"request","status":200,"latency":0.001828125,"method":"GET","path":"/admin/logs","ip":"::1"}
{"level":"info","ts":1772127240.107777,"caller":"middleware/logger.go:22","msg":"request","status":200,"latency":0.002035958,"method":"GET","path":"/admin/logs","ip":"::1"}
{"level":"info","ts":1772127245.109451,"caller":"middleware/logger.go:22","msg":"request","status":200,"latency":0.001810208,"method":"GET","path":"/admin/logs","ip":"::1"}
{"level":"info","ts":1772127250.1110022,"caller":"middleware/logger.go:22","msg":"request","status":200,"latency":0.002211709,"method":"GET","path":"/admin/logs","ip":"::1"}
{"level":"info","ts":1772127255.109173,"caller":"middleware/logger.go:22","msg":"request","status":200,"latency":0.002103958,"method":"GET","path":"/admin/logs","ip":"::1"}
{"level":"info","ts":1772127260.108562,"caller":"middleware/logger.go:22","msg":"request","status":200,"latency":0.001957625,"method":"GET","path":"/admin/logs","ip":"::1"}
{"level":"info","ts":1772127265.106139,"caller":"middleware/logger.go:22","msg":"request","status":200,"latency":0.001032833,"method":"GET","path":"/admin/logs","ip":"::1"}
{"level":"info","ts":1772127270.1051579,"caller":"middleware/logger.go:22","msg":"request","status":200,"latency":0.001294292,"method":"GET","path":"/admin/logs","ip":"::1"}
{"level":"info","ts":1772127275.105361,"caller":"middleware/logger.go:22","msg":"request","status":200,"latency":0.001528125,"method":"GET","path":"/admin/logs","ip":"::1"}
{"level":"info","ts":1772127280.1074328,"caller":"middleware/logger.go:22","msg":"request","status":200,"latency":0.002018333,"method":"GET","path":"/admin/logs","ip":"::1"}
{"level":"info","ts":1772127285.106158,"caller":"middleware/logger.go:22","msg":"request","status":200,"latency":0.001648708,"method":"GET","path":"/admin/logs","ip":"::1"}
{"level":"info","ts":1772127290.1063309,"caller":"middleware/logger.go:22","msg":"request","status":200,"latency":0.001830333,"method":"GET","path":"/admin/logs","ip":"::1"}
{"level":"info","ts":1772127295.1048262,"caller":"middleware/logger.go:22","msg":"request","status":200,"latency":0.001676125,"method":"GET","path":"/admin/logs","ip":"::1"}
{"level":"info","ts":1772127300.1058161,"caller":"middleware/logger.go:22","msg":"request","status":200,"latency":0.001620416,"method":"GET","path":"/admin/logs","ip":"::1"}
{"level":"info","ts":1772127305.1043541,"caller":"middleware/logger.go:22","msg":"request","status":200,"latency":0.001182291,"method":"GET","path":"/admin/logs","ip":"::1"}
{"level":"info","ts":1772127310.106702,"caller":"middleware/logger.go:22","msg":"request","status":200,"latency":0.001907625,"method":"GET","path":"/admin/logs","ip":"::1"}
{"level":"info","ts":1772127315.103957,"caller":"middleware/logger.go:22","msg":"request","status":200,"latency":0.001622375,"method":"GET","path":"/admin/logs","ip":"::1"}
{"level":"info","ts":1772127320.1062222,"caller":"middleware/logger.go:22","msg":"request","status":200,"latency":0.00174875,"method":"GET","path":"/admin/logs","ip":"::1"}
{"level":"info","ts":1772127325.102156,"caller":"middleware/logger.go:22","msg":"request","status":200,"latency":0.001471083,"method":"GET","path":"/admin/logs","ip":"::1"}
{"level":"info","ts":1772127330.11134,"caller":"middleware/logger.go:22","msg":"request","status":200,"latency":0.006084167,"method":"GET","path":"/admin/logs","ip":"::1"}
{"level":"info","ts":1772127335.108406,"caller":"middleware/logger.go:22","msg":"request","status":200,"latency":0.001427209,"method":"GET","path":"/admin/logs","ip":"::1"}
{"level":"info","ts":1772127340.105119,"caller":"middleware/logger.go:22","msg":"request","status":200,"latency":0.002709291,"method":"GET","path":"/admin/logs","ip":"::1"}
{"level":"info","ts":1772127345.999307,"caller":"middleware/logger.go:22","msg":"request","status":200,"latency":0.003622167,"method":"GET","path":"/admin/logs","ip":"::1"}
{"level":"info","ts":1772127350.997879,"caller":"middleware/logger.go:22","msg":"request","status":200,"latency":0.0080455,"method":"GET","path":"/admin/logs","ip":"::1"}
{"level":"info","ts":1772127355.995439,"caller":"middleware/logger.go:22","msg":"request","status":200,"latency":0.003866083,"method":"GET","path":"/admin/logs","ip":"::1"}
{"level":"info","ts":1772127360.98942,"caller":"middleware/logger.go:22","msg":"request","status":200,"latency":0.002333792,"method":"GET","path":"/admin/logs","ip":"::1"}
{"level":"info","ts":1772127365.9881668,"caller":"middleware/logger.go:22","msg":"request","status":200,"latency":0.002759166,"method":"GET","path":"/admin/logs","ip":"::1"}
{"level":"info","ts":1772127370.991123,"caller":"middleware/logger.go:22","msg":"request","status":200,"latency":0.003453458,"method":"GET","path":"/admin/logs","ip":"::1"}
{"level":"info","ts":1772127376.0019488,"caller":"middleware/logger.go:22","msg":"request","status":200,"latency":0.003688125,"method":"GET","path":"/admin/logs","ip":"::1"}
{"level":"info","ts":1772127380.988788,"caller":"middleware/logger.go:22","msg":"request","status":200,"latency":0.002585417,"method":"GET","path":"/admin/logs","ip":"::1"}
{"level":"info","ts":1772127385.986358,"caller":"middleware/logger.go:22","msg":"request","status":200,"latency":0.001571958,"method":"GET","path":"/admin/logs","ip":"::1"}
{"level":"info","ts":1772127390.986855,"caller":"middleware/logger.go:22","msg":"request","status":200,"latency":0.001583458,"method":"GET","path":"/admin/logs","ip":"::1"}
{"level":"info","ts":1772127395.986133,"caller":"middleware/logger.go:22","msg":"request","status":200,"latency":0.002761083,"method":"GET","path":"/admin/logs","ip":"::1"}
{"level":"info","ts":1772127415.994216,"caller":"middleware/logger.go:22","msg":"request","status":200,"latency":0.002770792,"method":"GET","path":"/admin/logs","ip":"::1"}
{"level":"info","ts":1772127476.021282,"caller":"middleware/logger.go:22","msg":"request","status":200,"latency":0.011239583,"method":"GET","path":"/admin/logs","ip":"::1"}
{"level":"info","ts":1772127535.994452,"caller":"middleware/logger.go:22","msg":"request","status":200,"latency":0.003339667,"method":"GET","path":"/admin/logs","ip":"::1"}
{"level":"info","ts":1772127595.9836879,"caller":"middleware/logger.go:22","msg":"request","status":200,"latency":0.003229333,"method":"GET","path":"/admin/logs","ip":"::1"}
{"level":"info","ts":1772127655.9816818,"caller":"middleware/logger.go:22","msg":"request","status":200,"latency":0.005009166,"method":"GET","path":"/admin/logs","ip":"::1"}
{"level":"info","ts":1772127715.9831522,"caller":"middleware/logger.go:22","msg":"request","status":200,"latency":0.008529083,"method":"GET","path":"/admin/logs","ip":"::1"}
{"level":"info","ts":1772127775.9814458,"caller":"middleware/logger.go:22","msg":"request","status":200,"latency":0.002674166,"method":"GET","path":"/admin/logs","ip":"::1"}
{"level":"info","ts":1772127835.986624,"caller":"middleware/logger.go:22","msg":"request","status":200,"latency":0.006035958,"method":"GET","path":"/admin/logs","ip":"::1"}
{"level":"info","ts":1772127895.973335,"caller":"middleware/logger.go:22","msg":"request","status":200,"latency":0.003040458,"method":"GET","path":"/admin/logs","ip":"::1"}
{"level":"info","ts":1772127955.991085,"caller":"middleware/logger.go:22","msg":"request","status":200,"latency":0.004222958,"method":"GET","path":"/admin/logs","ip":"::1"}
{"level":"info","ts":1772128015.968686,"caller":"middleware/logger.go:22","msg":"request","status":200,"latency":0.005098167,"method":"GET","path":"/admin/logs","ip":"::1"}
{"level":"info","ts":1772128075.9629838,"caller":"middleware/logger.go:22","msg":"request","status":200,"latency":0.003332667,"method":"GET","path":"/admin/logs","ip":"::1"}
{"level":"info","ts":1772128135.9613519,"caller":"middleware/logger.go:22","msg":"request","status":200,"latency":0.003898417,"method":"GET","path":"/admin/logs","ip":"::1"}
{"level":"info","ts":1772128195.958994,"caller":"middleware/logger.go:22","msg":"request","status":200,"latency":0.003949333,"method":"GET","path":"/admin/logs","ip":"::1"}
{"level":"info","ts":1772128224.608955,"caller":"middleware/logger.go:22","msg":"request","status":200,"latency":0.006099584,"method":"GET","path":"/admin/logs","ip":"::1"}
{"level":"info","ts":1772128225.059849,"caller":"middleware/logger.go:22","msg":"request","status":200,"latency":0.001191667,"method":"GET","path":"/admin/logs","ip":"::1"}
{"level":"info","ts":1772128230.063396,"caller":"middleware/logger.go:22","msg":"request","status":200,"latency":0.002866667,"method":"GET","path":"/admin/logs","ip":"::1"}
{"level":"info","ts":1772128235.065797,"caller":"middleware/logger.go:22","msg":"request","status":200,"latency":0.0027095,"method":"GET","path":"/admin/logs","ip":"::1"}
{"level":"info","ts":1772128240.0635772,"caller":"middleware/logger.go:22","msg":"request","status":200,"latency":0.001897708,"method":"GET","path":"/admin/logs","ip":"::1"}
{"level":"info","ts":1772128245.0635872,"caller":"middleware/logger.go:22","msg":"request","status":200,"latency":0.003148666,"method":"GET","path":"/admin/logs","ip":"::1"}
{"level":"info","ts":1772128250.060838,"caller":"middleware/logger.go:22","msg":"request","status":200,"latency":0.001934125,"method":"GET","path":"/admin/logs","ip":"::1"}
{"level":"info","ts":1772128255.062443,"caller":"middleware/logger.go:22","msg":"request","status":200,"latency":0.003208125,"method":"GET","path":"/admin/logs","ip":"::1"}
{"level":"info","ts":1772128260.060684,"caller":"middleware/logger.go:22","msg":"request","status":200,"latency":0.002243917,"method":"GET","path":"/admin/logs","ip":"::1"}
{"level":"info","ts":1772128265.0617971,"caller":"middleware/logger.go:22","msg":"request","status":200,"latency":0.003185292,"method":"GET","path":"/admin/logs","ip":"::1"}
{"level":"info","ts":1772128270.058783,"caller":"middleware/logger.go:22","msg":"request","status":200,"latency":0.001806833,"method":"GET","path":"/admin/logs","ip":"::1"}
{"level":"info","ts":1772128275.0632849,"caller":"middleware/logger.go:22","msg":"request","status":200,"latency":0.001482208,"method":"GET","path":"/admin/logs","ip":"::1"}
{"level":"info","ts":1772128280.067102,"caller":"middleware/logger.go:22","msg":"request","status":200,"latency":0.003389791,"method":"GET","path":"/admin/logs","ip":"::1"}
{"level":"info","ts":1772128285.0583282,"caller":"middleware/logger.go:22","msg":"request","status":200,"latency":0.001742708,"method":"GET","path":"/admin/logs","ip":"::1"}
{"level":"info","ts":1772128290.063785,"caller":"middleware/logger.go:22","msg":"request","status":200,"latency":0.003788,"method":"GET","path":"/admin/logs","ip":"::1"}
{"level":"info","ts":1772128295.059648,"caller":"middleware/logger.go:22","msg":"request","status":200,"latency":0.002099875,"method":"GET","path":"/admin/logs","ip":"::1"}
{"level":"info","ts":1772128300.059903,"caller":"middleware/logger.go:22","msg":"request","status":200,"latency":0.002186208,"method":"GET","path":"/admin/logs","ip":"::1"}
{"level":"info","ts":1772128305.058028,"caller":"middleware/logger.go:22","msg":"request","status":200,"latency":0.001616667,"method":"GET","path":"/admin/logs","ip":"::1"}
{"level":"info","ts":1772128310.05758,"caller":"middleware/logger.go:22","msg":"request","status":200,"latency":0.002106708,"method":"GET","path":"/admin/logs","ip":"::1"}
{"level":"info","ts":1772128315.058105,"caller":"middleware/logger.go:22","msg":"request","status":200,"latency":0.001786084,"method":"GET","path":"/admin/logs","ip":"::1"}
{"level":"info","ts":1772128320.0573142,"caller":"middleware/logger.go:22","msg":"request","status":200,"latency":0.002499541,"method":"GET","path":"/admin/logs","ip":"::1"}
{"level":"info","ts":1772128325.0577579,"caller":"middleware/logger.go:22","msg":"request","status":200,"latency":0.002321792,"method":"GET","path":"/admin/logs","ip":"::1"}
{"level":"info","ts":1772128330.05727,"caller":"middleware/logger.go:22","msg":"request","status":200,"latency":0.002059791,"method":"GET","path":"/admin/logs","ip":"::1"}
{"level":"info","ts":1772128335.056263,"caller":"middleware/logger.go:22","msg":"request","status":200,"latency":0.001689625,"method":"GET","path":"/admin/logs","ip":"::1"}
{"level":"info","ts":1772128340.066716,"caller":"middleware/logger.go:22","msg":"request","status":200,"latency":0.003240125,"method":"GET","path":"/admin/logs","ip":"::1"}
{"level":"info","ts":1772128345.055348,"caller":"middleware/logger.go:22","msg":"request","status":200,"latency":0.001701833,"method":"GET","path":"/admin/logs","ip":"::1"}
{"level":"info","ts":1772128350.0577831,"caller":"middleware/logger.go:22","msg":"request","status":200,"latency":0.002380167,"method":"GET","path":"/admin/logs","ip":"::1"}
{"level":"info","ts":1772128355.057448,"caller":"middleware/logger.go:22","msg":"request","status":200,"latency":0.00215325,"method":"GET","path":"/admin/logs","ip":"::1"}
{"level":"info","ts":1772128360.056135,"caller":"middleware/logger.go:22","msg":"request","status":200,"latency":0.002267334,"method":"GET","path":"/admin/logs","ip":"::1"}
{"level":"info","ts":1772128365.053532,"caller":"middleware/logger.go:22","msg":"request","status":200,"latency":0.001586291,"method":"GET","path":"/admin/logs","ip":"::1"}
{"level":"info","ts":1772128370.0626738,"caller":"middleware/logger.go:22","msg":"request","status":200,"latency":0.002758458,"method":"GET","path":"/admin/logs","ip":"::1"}
{"level":"info","ts":1772128375.061776,"caller":"middleware/logger.go:22","msg":"request","status":200,"latency":0.001898541,"method":"GET","path":"/admin/logs","ip":"::1"}
{"level":"info","ts":1772128380.0572329,"caller":"middleware/logger.go:22","msg":"request","status":200,"latency":0.003482417,"method":"GET","path":"/admin/logs","ip":"::1"}
{"level":"info","ts":1772128385.0548868,"caller":"middleware/logger.go:22","msg":"request","status":200,"latency":0.001928667,"method":"GET","path":"/admin/logs","ip":"::1"}
{"level":"info","ts":1772128390.0546691,"caller":"middleware/logger.go:22","msg":"request","status":200,"latency":0.002278333,"method":"GET","path":"/admin/logs","ip":"::1"}
{"level":"info","ts":1772128395.053389,"caller":"middleware/logger.go:22","msg":"request","status":200,"latency":0.001624375,"method":"GET","path":"/admin/logs","ip":"::1"}
{"level":"info","ts":1772128400.0683048,"caller":"middleware/logger.go:22","msg":"request","status":200,"latency":0.003758167,"method":"GET","path":"/admin/logs","ip":"::1"}
{"level":"info","ts":1772128405.0535219,"caller":"middleware/logger.go:22","msg":"request","status":200,"latency":0.001817375,"method":"GET","path":"/admin/logs","ip":"::1"}
{"level":"info","ts":1772128410.053888,"caller":"middleware/logger.go:22","msg":"request","status":200,"latency":0.00192975,"method":"GET","path":"/admin/logs","ip":"::1"}
{"level":"info","ts":1772128415.054883,"caller":"middleware/logger.go:22","msg":"request","status":200,"latency":0.002147541,"method":"GET","path":"/admin/logs","ip":"::1"}
{"level":"info","ts":1772128420.0513039,"caller":"middleware/logger.go:22","msg":"request","status":200,"latency":0.00157575,"method":"GET","path":"/admin/logs","ip":"::1"}
{"level":"info","ts":1772128425.0516942,"caller":"middleware/logger.go:22","msg":"request","status":200,"latency":0.001895084,"method":"GET","path":"/admin/logs","ip":"::1"}
{"level":"info","ts":1772128430.051976,"caller":"middleware/logger.go:22","msg":"request","status":200,"latency":0.001515833,"method":"GET","path":"/admin/logs","ip":"::1"}
{"level":"info","ts":1772128435.053131,"caller":"middleware/logger.go:22","msg":"request","status":200,"latency":0.002133084,"method":"GET","path":"/admin/logs","ip":"::1"}
{"level":"info","ts":1772128440.0672,"caller":"middleware/logger.go:22","msg":"request","status":200,"latency":0.005494042,"method":"GET","path":"/admin/logs","ip":"::1"}
{"level":"info","ts":1772128445.0511098,"caller":"middleware/logger.go:22","msg":"request","status":200,"latency":0.00162625,"method":"GET","path":"/admin/logs","ip":"::1"}
{"level":"info","ts":1772128450.0514739,"caller":"middleware/logger.go:22","msg":"request","status":200,"latency":0.001797916,"method":"GET","path":"/admin/logs","ip":"::1"}
{"level":"info","ts":1772128455.049576,"caller":"middleware/logger.go:22","msg":"request","status":200,"latency":0.001288542,"method":"GET","path":"/admin/logs","ip":"::1"}
{"level":"info","ts":1772128460.05217,"caller":"middleware/logger.go:22","msg":"request","status":200,"latency":0.002381791,"method":"GET","path":"/admin/logs","ip":"::1"}
{"level":"info","ts":1772128465.056784,"caller":"middleware/logger.go:22","msg":"request","status":200,"latency":0.002060208,"method":"GET","path":"/admin/logs","ip":"::1"}
{"level":"info","ts":1772128470.0515819,"caller":"middleware/logger.go:22","msg":"request","status":200,"latency":0.002015417,"method":"GET","path":"/admin/logs","ip":"::1"}
{"level":"info","ts":1772128475.051287,"caller":"middleware/logger.go:22","msg":"request","status":200,"latency":0.00174475,"method":"GET","path":"/admin/logs","ip":"::1"}
{"level":"info","ts":1772128480.059909,"caller":"middleware/logger.go:22","msg":"request","status":200,"latency":0.002487459,"method":"GET","path":"/admin/logs","ip":"::1"}
{"level":"info","ts":1772128485.050381,"caller":"middleware/logger.go:22","msg":"request","status":200,"latency":0.002070667,"method":"GET","path":"/admin/logs","ip":"::1"}
{"level":"info","ts":1772128490.051679,"caller":"middleware/logger.go:22","msg":"request","status":200,"latency":0.0032035,"method":"GET","path":"/admin/logs","ip":"::1"}
{"level":"info","ts":1772128495.0506072,"caller":"middleware/logger.go:22","msg":"request","status":200,"latency":0.002317833,"method":"GET","path":"/admin/logs","ip":"::1"}
{"level":"info","ts":1772128500.0520608,"caller":"middleware/logger.go:22","msg":"request","status":200,"latency":0.004812292,"method":"GET","path":"/admin/logs","ip":"::1"}
{"level":"info","ts":1772128505.05518,"caller":"middleware/logger.go:22","msg":"request","status":200,"latency":0.002419375,"method":"GET","path":"/admin/logs","ip":"::1"}
{"level":"info","ts":1772128510.0506282,"caller":"middleware/logger.go:22","msg":"request","status":200,"latency":0.002323417,"method":"GET","path":"/admin/logs","ip":"::1"}
{"level":"info","ts":1772128515.0512488,"caller":"middleware/logger.go:22","msg":"request","status":200,"latency":0.001537208,"method":"GET","path":"/admin/logs","ip":"::1"}
{"level":"info","ts":1772128520.0544598,"caller":"middleware/logger.go:22","msg":"request","status":200,"latency":0.002801917,"method":"GET","path":"/admin/logs","ip":"::1"}
{"level":"info","ts":1772128525.048645,"caller":"middleware/logger.go:22","msg":"request","status":200,"latency":0.001902833,"method":"GET","path":"/admin/logs","ip":"::1"}
{"level":"info","ts":1772128530.047282,"caller":"middleware/logger.go:22","msg":"request","status":200,"latency":0.001707292,"method":"GET","path":"/admin/logs","ip":"::1"}
{"level":"info","ts":1772128535.04817,"caller":"middleware/logger.go:22","msg":"request","status":200,"latency":0.001693208,"method":"GET","path":"/admin/logs","ip":"::1"}
{"level":"info","ts":1772128540.048413,"caller":"middleware/logger.go:22","msg":"request","status":200,"latency":0.001783292,"method":"GET","path":"/admin/logs","ip":"::1"}
{"level":"info","ts":1772128545.04884,"caller":"middleware/logger.go:22","msg":"request","status":200,"latency":0.001906958,"method":"GET","path":"/admin/logs","ip":"::1"}
{"level":"info","ts":1772128550.049869,"caller":"middleware/logger.go:22","msg":"request","status":200,"latency":0.003156542,"method":"GET","path":"/admin/logs","ip":"::1"}
{"level":"info","ts":1772128555.0469272,"caller":"middleware/logger.go:22","msg":"request","status":200,"latency":0.001860167,"method":"GET","path":"/admin/logs","ip":"::1"}
{"level":"info","ts":1772128560.049422,"caller":"middleware/logger.go:22","msg":"request","status":200,"latency":0.001965833,"method":"GET","path":"/admin/logs","ip":"::1"}
{"level":"info","ts":1772128565.045336,"caller":"middleware/logger.go:22","msg":"request","status":200,"latency":0.001642709,"method":"GET","path":"/admin/logs","ip":"::1"}
{"level":"info","ts":1772128570.047314,"caller":"middleware/logger.go:22","msg":"request","status":200,"latency":0.00270375,"method":"GET","path":"/admin/logs","ip":"::1"}
{"level":"info","ts":1772128575.055105,"caller":"middleware/logger.go:22","msg":"request","status":200,"latency":0.004431916,"method":"GET","path":"/admin/logs","ip":"::1"}
{"level":"info","ts":1772128580.0487418,"caller":"middleware/logger.go:22","msg":"request","status":200,"latency":0.0018315,"method":"GET","path":"/admin/logs","ip":"::1"}
{"level":"info","ts":1772128585.047513,"caller":"middleware/logger.go:22","msg":"request","status":200,"latency":0.002338959,"method":"GET","path":"/admin/logs","ip":"::1"}
{"level":"info","ts":1772128590.045105,"caller":"middleware/logger.go:22","msg":"request","status":200,"latency":0.00203375,"method":"GET","path":"/admin/logs","ip":"::1"}
{"level":"info","ts":1772128595.043683,"caller":"middleware/logger.go:22","msg":"request","status":200,"latency":0.00205,"method":"GET","path":"/admin/logs","ip":"::1"}
{"level":"info","ts":1772128600.047837,"caller":"middleware/logger.go:22","msg":"request","status":200,"latency":0.002558083,"method":"GET","path":"/admin/logs","ip":"::1"}
{"level":"info","ts":1772128605.044689,"caller":"middleware/logger.go:22","msg":"request","status":200,"latency":0.002052667,"method":"GET","path":"/admin/logs","ip":"::1"}
{"level":"info","ts":1772128610.044918,"caller":"middleware/logger.go:22","msg":"request","status":200,"latency":0.002356,"method":"GET","path":"/admin/logs","ip":"::1"}
{"level":"info","ts":1772128615.044995,"caller":"middleware/logger.go:22","msg":"request","status":200,"latency":0.001838584,"method":"GET","path":"/admin/logs","ip":"::1"}
{"level":"info","ts":1772128620.058912,"caller":"middleware/logger.go:22","msg":"request","status":200,"latency":0.006618166,"method":"GET","path":"/admin/logs","ip":"::1"}
{"level":"info","ts":1772128625.045364,"caller":"middleware/logger.go:22","msg":"request","status":200,"latency":0.00196,"method":"GET","path":"/admin/logs","ip":"::1"}
{"level":"info","ts":1772128630.044886,"caller":"middleware/logger.go:22","msg":"request","status":200,"latency":0.0016605,"method":"GET","path":"/admin/logs","ip":"::1"}
{"level":"info","ts":1772128635.0434198,"caller":"middleware/logger.go:22","msg":"request","status":200,"latency":0.001797042,"method":"GET","path":"/admin/logs","ip":"::1"}
{"level":"info","ts":1772128640.044231,"caller":"middleware/logger.go:22","msg":"request","status":200,"latency":0.002466833,"method":"GET","path":"/admin/logs","ip":"::1"}
{"level":"info","ts":1772128645.044557,"caller":"middleware/logger.go:22","msg":"request","status":200,"latency":0.002009708,"method":"GET","path":"/admin/logs","ip":"::1"}
{"level":"info","ts":1772128650.046041,"caller":"middleware/logger.go:22","msg":"request","status":200,"latency":0.00202175,"method":"GET","path":"/admin/logs","ip":"::1"}
{"level":"info","ts":1772128655.047831,"caller":"middleware/logger.go:22","msg":"request","status":200,"latency":0.0023295,"method":"GET","path":"/admin/logs","ip":"::1"}
{"level":"info","ts":1772128660.043951,"caller":"middleware/logger.go:22","msg":"request","status":200,"latency":0.003203208,"method":"GET","path":"/admin/logs","ip":"::1"}
{"level":"info","ts":1772128665.041745,"caller":"middleware/logger.go:22","msg":"request","status":200,"latency":0.002200084,"method":"GET","path":"/admin/logs","ip":"::1"}
{"level":"info","ts":1772128670.0428858,"caller":"middleware/logger.go:22","msg":"request","status":200,"latency":0.002047709,"method":"GET","path":"/admin/logs","ip":"::1"}
{"level":"info","ts":1772128675.041336,"caller":"middleware/logger.go:22","msg":"request","status":200,"latency":0.001676917,"method":"GET","path":"/admin/logs","ip":"::1"}
{"level":"info","ts":1772128680.043638,"caller":"middleware/logger.go:22","msg":"request","status":200,"latency":0.002504292,"method":"GET","path":"/admin/logs","ip":"::1"}
{"level":"info","ts":1772128685.051701,"caller":"middleware/logger.go:22","msg":"request","status":200,"latency":0.003002208,"method":"GET","path":"/admin/logs","ip":"::1"}
{"level":"info","ts":1772128690.0399098,"caller":"middleware/logger.go:22","msg":"request","status":200,"latency":0.001994833,"method":"GET","path":"/admin/logs","ip":"::1"}
{"level":"info","ts":1772128695.041159,"caller":"middleware/logger.go:22","msg":"request","status":200,"latency":0.002098541,"method":"GET","path":"/admin/logs","ip":"::1"}
{"level":"info","ts":1772128700.040483,"caller":"middleware/logger.go:22","msg":"request","status":200,"latency":0.001939334,"method":"GET","path":"/admin/logs","ip":"::1"}
{"level":"info","ts":1772128705.042729,"caller":"middleware/logger.go:22","msg":"request","status":200,"latency":0.00191675,"method":"GET","path":"/admin/logs","ip":"::1"}
{"level":"info","ts":1772128710.047059,"caller":"middleware/logger.go:22","msg":"request","status":200,"latency":0.002941542,"method":"GET","path":"/admin/logs","ip":"::1"}
{"level":"info","ts":1772128715.0390348,"caller":"middleware/logger.go:22","msg":"request","status":200,"latency":0.001891958,"method":"GET","path":"/admin/logs","ip":"::1"}
{"level":"info","ts":1772128720.0410082,"caller":"middleware/logger.go:22","msg":"request","status":200,"latency":0.00192,"method":"GET","path":"/admin/logs","ip":"::1"}
{"level":"info","ts":1772128725.040916,"caller":"middleware/logger.go:22","msg":"request","status":200,"latency":0.00293725,"method":"GET","path":"/admin/logs","ip":"::1"}
{"level":"info","ts":1772128730.039833,"caller":"middleware/logger.go:22","msg":"request","status":200,"latency":0.001772541,"method":"GET","path":"/admin/logs","ip":"::1"}
{"level":"info","ts":1772128735.039586,"caller":"middleware/logger.go:22","msg":"request","status":200,"latency":0.001805625,"method":"GET","path":"/admin/logs","ip":"::1"}
{"level":"info","ts":1772128740.044791,"caller":"middleware/logger.go:22","msg":"request","status":200,"latency":0.00240925,"method":"GET","path":"/admin/logs","ip":"::1"}
{"level":"info","ts":1772128745.037832,"caller":"middleware/logger.go:22","msg":"request","status":200,"latency":0.002205,"method":"GET","path":"/admin/logs","ip":"::1"}
{"level":"info","ts":1772128750.036324,"caller":"middleware/logger.go:22","msg":"request","status":200,"latency":0.002135459,"method":"GET","path":"/admin/logs","ip":"::1"}
{"level":"info","ts":1772128755.036201,"caller":"middleware/logger.go:22","msg":"request","status":200,"latency":0.001825958,"method":"GET","path":"/admin/logs","ip":"::1"}
{"level":"info","ts":1772128760.040322,"caller":"middleware/logger.go:22","msg":"request","status":200,"latency":0.00199325,"method":"GET","path":"/admin/logs","ip":"::1"}
{"level":"info","ts":1772128765.037643,"caller":"middleware/logger.go:22","msg":"request","status":200,"latency":0.001885334,"method":"GET","path":"/admin/logs","ip":"::1"}
{"level":"info","ts":1772128770.042014,"caller":"middleware/logger.go:22","msg":"request","status":200,"latency":0.005374375,"method":"GET","path":"/admin/logs","ip":"::1"}
{"level":"info","ts":1772128775.043869,"caller":"middleware/logger.go:22","msg":"request","status":200,"latency":0.001718208,"method":"GET","path":"/admin/logs","ip":"::1"}
{"level":"info","ts":1772128780.036204,"caller":"middleware/logger.go:22","msg":"request","status":200,"latency":0.00203375,"method":"GET","path":"/admin/logs","ip":"::1"}
{"level":"info","ts":1772128785.03716,"caller":"middleware/logger.go:22","msg":"request","status":200,"latency":0.002186,"method":"GET","path":"/admin/logs","ip":"::1"}
{"level":"info","ts":1772128790.036354,"caller":"middleware/logger.go:22","msg":"request","status":200,"latency":0.002121875,"method":"GET","path":"/admin/logs","ip":"::1"}
{"level":"info","ts":1772128795.0373702,"caller":"middleware/logger.go:22","msg":"request","status":200,"latency":0.001857292,"method":"GET","path":"/admin/logs","ip":"::1"}
{"level":"info","ts":1772128800.034282,"caller":"middleware/logger.go:22","msg":"request","status":200,"latency":0.001612,"method":"GET","path":"/admin/logs","ip":"::1"}
{"level":"info","ts":1772128805.035082,"caller":"middleware/logger.go:22","msg":"request","status":200,"latency":0.001644458,"method":"GET","path":"/admin/logs","ip":"::1"}
{"level":"info","ts":1772128810.036315,"caller":"middleware/logger.go:22","msg":"request","status":200,"latency":0.002515459,"method":"GET","path":"/admin/logs","ip":"::1"}
{"level":"info","ts":1772128815.036577,"caller":"middleware/logger.go:22","msg":"request","status":200,"latency":0.001792167,"method":"GET","path":"/admin/logs","ip":"::1"}
{"level":"info","ts":1772128820.035866,"caller":"middleware/logger.go:22","msg":"request","status":200,"latency":0.002537916,"method":"GET","path":"/admin/logs","ip":"::1"}
{"level":"info","ts":1772128825.0356128,"caller":"middleware/logger.go:22","msg":"request","status":200,"latency":0.002301167,"method":"GET","path":"/admin/logs","ip":"::1"}
{"level":"info","ts":1772128830.038193,"caller":"middleware/logger.go:22","msg":"request","status":200,"latency":0.001809166,"method":"GET","path":"/admin/logs","ip":"::1"}
{"level":"info","ts":1772128835.035042,"caller":"middleware/logger.go:22","msg":"request","status":200,"latency":0.001563417,"method":"GET","path":"/admin/logs","ip":"::1"}
{"level":"info","ts":1772128840.0347662,"caller":"middleware/logger.go:22","msg":"request","status":200,"latency":0.002702,"method":"GET","path":"/admin/logs","ip":"::1"}
{"level":"info","ts":1772128845.034125,"caller":"middleware/logger.go:22","msg":"request","status":200,"latency":0.001759,"method":"GET","path":"/admin/logs","ip":"::1"}
{"level":"info","ts":1772128850.0331788,"caller":"middleware/logger.go:22","msg":"request","status":200,"latency":0.001772041,"method":"GET","path":"/admin/logs","ip":"::1"}
{"level":"info","ts":1772128855.0325918,"caller":"middleware/logger.go:22","msg":"request","status":200,"latency":0.001587792,"method":"GET","path":"/admin/logs","ip":"::1"}
{"level":"info","ts":1772128860.045996,"caller":"middleware/logger.go:22","msg":"request","status":200,"latency":0.005728959,"method":"GET","path":"/admin/logs","ip":"::1"}
{"level":"info","ts":1772128865.033609,"caller":"middleware/logger.go:22","msg":"request","status":200,"latency":0.001758,"method":"GET","path":"/admin/logs","ip":"::1"}
{"level":"info","ts":1772128870.032013,"caller":"middleware/logger.go:22","msg":"request","status":200,"latency":0.001799625,"method":"GET","path":"/admin/logs","ip":"::1"}
{"level":"info","ts":1772128875.033845,"caller":"middleware/logger.go:22","msg":"request","status":200,"latency":0.001933167,"method":"GET","path":"/admin/logs","ip":"::1"}
{"level":"info","ts":1772128880.031756,"caller":"middleware/logger.go:22","msg":"request","status":200,"latency":0.0016885,"method":"GET","path":"/admin/logs","ip":"::1"}
{"level":"info","ts":1772128885.032347,"caller":"middleware/logger.go:22","msg":"request","status":200,"latency":0.00164275,"method":"GET","path":"/admin/logs","ip":"::1"}
{"level":"info","ts":1772128890.040533,"caller":"middleware/logger.go:22","msg":"request","status":200,"latency":0.00499175,"method":"GET","path":"/admin/logs","ip":"::1"}
{"level":"info","ts":1772128895.030865,"caller":"middleware/logger.go:22","msg":"request","status":200,"latency":0.001746375,"method":"GET","path":"/admin/logs","ip":"::1"}
{"level":"info","ts":1772128900.0311282,"caller":"middleware/logger.go:22","msg":"request","status":200,"latency":0.00192375,"method":"GET","path":"/admin/logs","ip":"::1"}
{"level":"info","ts":1772128905.02999,"caller":"middleware/logger.go:22","msg":"request","status":200,"latency":0.001969,"method":"GET","path":"/admin/logs","ip":"::1"}
{"level":"info","ts":1772128910.032995,"caller":"middleware/logger.go:22","msg":"request","status":200,"latency":0.002588208,"method":"GET","path":"/admin/logs","ip":"::1"}
{"level":"info","ts":1772128915.032614,"caller":"middleware/logger.go:22","msg":"request","status":200,"latency":0.001805458,"method":"GET","path":"/admin/logs","ip":"::1"}
{"level":"info","ts":1772128920.032993,"caller":"middleware/logger.go:22","msg":"request","status":200,"latency":0.003829958,"method":"GET","path":"/admin/logs","ip":"::1"}
{"level":"info","ts":1772128925.034786,"caller":"middleware/logger.go:22","msg":"request","status":200,"latency":0.00238225,"method":"GET","path":"/admin/logs","ip":"::1"}
{"level":"info","ts":1772128930.030974,"caller":"middleware/logger.go:22","msg":"request","status":200,"latency":0.001920375,"method":"GET","path":"/admin/logs","ip":"::1"}
{"level":"info","ts":1772128935.028717,"caller":"middleware/logger.go:22","msg":"request","status":200,"latency":0.001925375,"method":"GET","path":"/admin/logs","ip":"::1"}
{"level":"info","ts":1772128940.0289469,"caller":"middleware/logger.go:22","msg":"request","status":200,"latency":0.00189975,"method":"GET","path":"/admin/logs","ip":"::1"}
{"level":"info","ts":1772128945.027942,"caller":"middleware/logger.go:22","msg":"request","status":200,"latency":0.001490125,"method":"GET","path":"/admin/logs","ip":"::1"}
{"level":"info","ts":1772128950.034802,"caller":"middleware/logger.go:22","msg":"request","status":200,"latency":0.002797917,"method":"GET","path":"/admin/logs","ip":"::1"}
{"level":"info","ts":1772128955.028416,"caller":"middleware/logger.go:22","msg":"request","status":200,"latency":0.002163333,"method":"GET","path":"/admin/logs","ip":"::1"}
{"level":"info","ts":1772128960.0277288,"caller":"middleware/logger.go:22","msg":"request","status":200,"latency":0.002932,"method":"GET","path":"/admin/logs","ip":"::1"}
{"level":"info","ts":1772128965.034401,"caller":"middleware/logger.go:22","msg":"request","status":200,"latency":0.002060458,"method":"GET","path":"/admin/logs","ip":"::1"}
{"level":"info","ts":1772128970.02791,"caller":"middleware/logger.go:22","msg":"request","status":200,"latency":0.002331792,"method":"GET","path":"/admin/logs","ip":"::1"}
{"level":"info","ts":1772128975.029151,"caller":"middleware/logger.go:22","msg":"request","status":200,"latency":0.002426209,"method":"GET","path":"/admin/logs","ip":"::1"}
{"level":"info","ts":1772128980.037784,"caller":"middleware/logger.go:22","msg":"request","status":200,"latency":0.00338025,"method":"GET","path":"/admin/logs","ip":"::1"}
{"level":"info","ts":1772128985.028532,"caller":"middleware/logger.go:22","msg":"request","status":200,"latency":0.002281792,"method":"GET","path":"/admin/logs","ip":"::1"}
{"level":"info","ts":1772128990.028106,"caller":"middleware/logger.go:22","msg":"request","status":200,"latency":0.001655625,"method":"GET","path":"/admin/logs","ip":"::1"}
{"level":"info","ts":1772128995.0264142,"caller":"middleware/logger.go:22","msg":"request","status":200,"latency":0.001982834,"method":"GET","path":"/admin/logs","ip":"::1"}
{"level":"info","ts":1772129000.026677,"caller":"middleware/logger.go:22","msg":"request","status":200,"latency":0.00215175,"method":"GET","path":"/admin/logs","ip":"::1"}
{"level":"info","ts":1772129005.029021,"caller":"middleware/logger.go:22","msg":"request","status":200,"latency":0.002214084,"method":"GET","path":"/admin/logs","ip":"::1"}
{"level":"info","ts":1772129010.027166,"caller":"middleware/logger.go:22","msg":"request","status":200,"latency":0.001857125,"method":"GET","path":"/admin/logs","ip":"::1"}
{"level":"info","ts":1772129015.026012,"caller":"middleware/logger.go:22","msg":"request","status":200,"latency":0.001695834,"method":"GET","path":"/admin/logs","ip":"::1"}
{"level":"info","ts":1772129020.0284889,"caller":"middleware/logger.go:22","msg":"request","status":200,"latency":0.00256275,"method":"GET","path":"/admin/logs","ip":"::1"}
{"level":"info","ts":1772129025.025901,"caller":"middleware/logger.go:22","msg":"request","status":200,"latency":0.001591209,"method":"GET","path":"/admin/logs","ip":"::1"}
{"level":"info","ts":1772129030.0251908,"caller":"middleware/logger.go:22","msg":"request","status":200,"latency":0.002175,"method":"GET","path":"/admin/logs","ip":"::1"}
{"level":"info","ts":1772129035.02626,"caller":"middleware/logger.go:22","msg":"request","status":200,"latency":0.00173975,"method":"GET","path":"/admin/logs","ip":"::1"}
{"level":"info","ts":1772129040.026325,"caller":"middleware/logger.go:22","msg":"request","status":200,"latency":0.001908875,"method":"GET","path":"/admin/logs","ip":"::1"}
{"level":"info","ts":1772129045.0242429,"caller":"middleware/logger.go:22","msg":"request","status":200,"latency":0.001838834,"method":"GET","path":"/admin/logs","ip":"::1"}
{"level":"info","ts":1772129050.0234292,"caller":"middleware/logger.go:22","msg":"request","status":200,"latency":0.001899041,"method":"GET","path":"/admin/logs","ip":"::1"}
{"level":"info","ts":1772129055.037193,"caller":"middleware/logger.go:22","msg":"request","status":200,"latency":0.002782958,"method":"GET","path":"/admin/logs","ip":"::1"}
{"level":"info","ts":1772129060.024101,"caller":"middleware/logger.go:22","msg":"request","status":200,"latency":0.001902625,"method":"GET","path":"/admin/logs","ip":"::1"}
{"level":"info","ts":1772129065.023247,"caller":"middleware/logger.go:22","msg":"request","status":200,"latency":0.001811875,"method":"GET","path":"/admin/logs","ip":"::1"}
{"level":"info","ts":1772129070.023558,"caller":"middleware/logger.go:22","msg":"request","status":200,"latency":0.002408708,"method":"GET","path":"/admin/logs","ip":"::1"}
{"level":"info","ts":1772129075.0229151,"caller":"middleware/logger.go:22","msg":"request","status":200,"latency":0.00191175,"method":"GET","path":"/admin/logs","ip":"::1"}
{"level":"info","ts":1772129080.022197,"caller":"middleware/logger.go:22","msg":"request","status":200,"latency":0.001587084,"method":"GET","path":"/admin/logs","ip":"::1"}
{"level":"info","ts":1772129085.024241,"caller":"middleware/logger.go:22","msg":"request","status":200,"latency":0.0019355,"method":"GET","path":"/admin/logs","ip":"::1"}
{"level":"info","ts":1772129090.024958,"caller":"middleware/logger.go:22","msg":"request","status":200,"latency":0.002684584,"method":"GET","path":"/admin/logs","ip":"::1"}
{"level":"info","ts":1772129095.0219588,"caller":"middleware/logger.go:22","msg":"request","status":200,"latency":0.001675167,"method":"GET","path":"/admin/logs","ip":"::1"}
{"level":"info","ts":1772129100.023628,"caller":"middleware/logger.go:22","msg":"request","status":200,"latency":0.001703042,"method":"GET","path":"/admin/logs","ip":"::1"}
{"level":"info","ts":1772129105.022442,"caller":"middleware/logger.go:22","msg":"request","status":200,"latency":0.001835042,"method":"GET","path":"/admin/logs","ip":"::1"}
{"level":"info","ts":1772129110.021415,"caller":"middleware/logger.go:22","msg":"request","status":200,"latency":0.001939084,"method":"GET","path":"/admin/logs","ip":"::1"}
{"level":"info","ts":1772129115.0217128,"caller":"middleware/logger.go:22","msg":"request","status":200,"latency":0.002099917,"method":"GET","path":"/admin/logs","ip":"::1"}
{"level":"info","ts":1772129120.021704,"caller":"middleware/logger.go:22","msg":"request","status":200,"latency":0.002024666,"method":"GET","path":"/admin/logs","ip":"::1"}
{"level":"info","ts":1772129125.020558,"caller":"middleware/logger.go:22","msg":"request","status":200,"latency":0.00193625,"method":"GET","path":"/admin/logs","ip":"::1"}
{"level":"info","ts":1772129130.0194392,"caller":"middleware/logger.go:22","msg":"request","status":200,"latency":0.002229625,"method":"GET","path":"/admin/logs","ip":"::1"}
{"level":"info","ts":1772129135.021373,"caller":"middleware/logger.go:22","msg":"request","status":200,"latency":0.001858333,"method":"GET","path":"/admin/logs","ip":"::1"}
{"level":"info","ts":1772129140.021662,"caller":"middleware/logger.go:22","msg":"request","status":200,"latency":0.001616125,"method":"GET","path":"/admin/logs","ip":"::1"}
{"level":"info","ts":1772129145.020373,"caller":"middleware/logger.go:22","msg":"request","status":200,"latency":0.002238125,"method":"GET","path":"/admin/logs","ip":"::1"}
{"level":"info","ts":1772129150.0208461,"caller":"middleware/logger.go:22","msg":"request","status":200,"latency":0.003442208,"method":"GET","path":"/admin/logs","ip":"::1"}
{"level":"info","ts":1772129155.019733,"caller":"middleware/logger.go:22","msg":"request","status":200,"latency":0.002296042,"method":"GET","path":"/admin/logs","ip":"::1"}
{"level":"info","ts":1772129160.0215218,"caller":"middleware/logger.go:22","msg":"request","status":200,"latency":0.002894833,"method":"GET","path":"/admin/logs","ip":"::1"}
{"level":"info","ts":1772129165.024283,"caller":"middleware/logger.go:22","msg":"request","status":200,"latency":0.001794375,"method":"GET","path":"/admin/logs","ip":"::1"}
{"level":"info","ts":1772129170.025242,"caller":"middleware/logger.go:22","msg":"request","status":200,"latency":0.00524,"method":"GET","path":"/admin/logs","ip":"::1"}
{"level":"info","ts":1772129175.018312,"caller":"middleware/logger.go:22","msg":"request","status":200,"latency":0.0017965,"method":"GET","path":"/admin/logs","ip":"::1"}
{"level":"info","ts":1772129180.018692,"caller":"middleware/logger.go:22","msg":"request","status":200,"latency":0.001969958,"method":"GET","path":"/admin/logs","ip":"::1"}
{"level":"info","ts":1772129185.0183868,"caller":"middleware/logger.go:22","msg":"request","status":200,"latency":0.001908375,"method":"GET","path":"/admin/logs","ip":"::1"}
{"level":"info","ts":1772129190.017696,"caller":"middleware/logger.go:22","msg":"request","status":200,"latency":0.001994875,"method":"GET","path":"/admin/logs","ip":"::1"}
{"level":"info","ts":1772129195.01666,"caller":"middleware/logger.go:22","msg":"request","status":200,"latency":0.001466584,"method":"GET","path":"/admin/logs","ip":"::1"}
{"level":"info","ts":1772129200.031348,"caller":"middleware/logger.go:22","msg":"request","status":200,"latency":0.002786708,"method":"GET","path":"/admin/logs","ip":"::1"}
{"level":"info","ts":1772129205.01808,"caller":"middleware/logger.go:22","msg":"request","status":200,"latency":0.001680792,"method":"GET","path":"/admin/logs","ip":"::1"}
{"level":"info","ts":1772129210.0173042,"caller":"middleware/logger.go:22","msg":"request","status":200,"latency":0.002632041,"method":"GET","path":"/admin/logs","ip":"::1"}
{"level":"info","ts":1772129215.0164568,"caller":"middleware/logger.go:22","msg":"request","status":200,"latency":0.002526833,"method":"GET","path":"/admin/logs","ip":"::1"}
{"level":"info","ts":1772129220.0178208,"caller":"middleware/logger.go:22","msg":"request","status":200,"latency":0.001968791,"method":"GET","path":"/admin/logs","ip":"::1"}
{"level":"info","ts":1772129225.020426,"caller":"middleware/logger.go:22","msg":"request","status":200,"latency":0.002794917,"method":"GET","path":"/admin/logs","ip":"::1"}
{"level":"info","ts":1772129230.014691,"caller":"middleware/logger.go:22","msg":"request","status":200,"latency":0.001873625,"method":"GET","path":"/admin/logs","ip":"::1"}
{"level":"info","ts":1772129235.021606,"caller":"middleware/logger.go:22","msg":"request","status":200,"latency":0.004147333,"method":"GET","path":"/admin/logs","ip":"::1"}
{"level":"info","ts":1772129240.0157921,"caller":"middleware/logger.go:22","msg":"request","status":200,"latency":0.002411833,"method":"GET","path":"/admin/logs","ip":"::1"}
{"level":"info","ts":1772129245.014227,"caller":"middleware/logger.go:22","msg":"request","status":200,"latency":0.001856875,"method":"GET","path":"/admin/logs","ip":"::1"}
{"level":"info","ts":1772129250.015512,"caller":"middleware/logger.go:22","msg":"request","status":200,"latency":0.001848208,"method":"GET","path":"/admin/logs","ip":"::1"}
{"level":"info","ts":1772129255.017531,"caller":"middleware/logger.go:22","msg":"request","status":200,"latency":0.004116542,"method":"GET","path":"/admin/logs","ip":"::1"}
{"level":"info","ts":1772129260.0134988,"caller":"middleware/logger.go:22","msg":"request","status":200,"latency":0.001914791,"method":"GET","path":"/admin/logs","ip":"::1"}
{"level":"info","ts":1772129265.013414,"caller":"middleware/logger.go:22","msg":"request","status":200,"latency":0.002134042,"method":"GET","path":"/admin/logs","ip":"::1"}
{"level":"info","ts":1772129270.012928,"caller":"middleware/logger.go:22","msg":"request","status":200,"latency":0.001650292,"method":"GET","path":"/admin/logs","ip":"::1"}
{"level":"info","ts":1772129275.0118191,"caller":"middleware/logger.go:22","msg":"request","status":200,"latency":0.001242958,"method":"GET","path":"/admin/logs","ip":"::1"}
{"level":"info","ts":1772129280.0261319,"caller":"middleware/logger.go:22","msg":"request","status":200,"latency":0.010218792,"method":"GET","path":"/admin/logs","ip":"::1"}
{"level":"info","ts":1772129285.01381,"caller":"middleware/logger.go:22","msg":"request","status":200,"latency":0.001898625,"method":"GET","path":"/admin/logs","ip":"::1"}
{"level":"info","ts":1772129290.0135438,"caller":"middleware/logger.go:22","msg":"request","status":200,"latency":0.001932125,"method":"GET","path":"/admin/logs","ip":"::1"}
{"level":"info","ts":1772129295.017587,"caller":"middleware/logger.go:22","msg":"request","status":200,"latency":0.001883417,"method":"GET","path":"/admin/logs","ip":"::1"}
{"level":"info","ts":1772129300.0137699,"caller":"middleware/logger.go:22","msg":"request","status":200,"latency":0.00200925,"method":"GET","path":"/admin/logs","ip":"::1"}
{"level":"info","ts":1772129305.013119,"caller":"middleware/logger.go:22","msg":"request","status":200,"latency":0.002014833,"method":"GET","path":"/admin/logs","ip":"::1"}
{"level":"info","ts":1772129310.012254,"caller":"middleware/logger.go:22","msg":"request","status":200,"latency":0.002456042,"method":"GET","path":"/admin/logs","ip":"::1"}
{"level":"info","ts":1772129315.012743,"caller":"middleware/logger.go:22","msg":"request","status":200,"latency":0.002350625,"method":"GET","path":"/admin/logs","ip":"::1"}
{"level":"info","ts":1772129320.011898,"caller":"middleware/logger.go:22","msg":"request","status":200,"latency":0.002187583,"method":"GET","path":"/admin/logs","ip":"::1"}
{"level":"info","ts":1772129325.016408,"caller":"middleware/logger.go:22","msg":"request","status":200,"latency":0.002561041,"method":"GET","path":"/admin/logs","ip":"::1"}
{"level":"info","ts":1772129330.013387,"caller":"middleware/logger.go:22","msg":"request","status":200,"latency":0.003477208,"method":"GET","path":"/admin/logs","ip":"::1"}
{"level":"info","ts":1772129335.013601,"caller":"middleware/logger.go:22","msg":"request","status":200,"latency":0.001986333,"method":"GET","path":"/admin/logs","ip":"::1"}
{"level":"info","ts":1772129340.014737,"caller":"middleware/logger.go:22","msg":"request","status":200,"latency":0.003865542,"method":"GET","path":"/admin/logs","ip":"::1"}
{"level":"info","ts":1772129345.016555,"caller":"middleware/logger.go:22","msg":"request","status":200,"latency":0.002539542,"method":"GET","path":"/admin/logs","ip":"::1"}
{"level":"info","ts":1772129350.011749,"caller":"middleware/logger.go:22","msg":"request","status":200,"latency":0.002952709,"method":"GET","path":"/admin/logs","ip":"::1"}
{"level":"info","ts":1772129355.00982,"caller":"middleware/logger.go:22","msg":"request","status":200,"latency":0.002047333,"method":"GET","path":"/admin/logs","ip":"::1"}
{"level":"info","ts":1772129360.01087,"caller":"middleware/logger.go:22","msg":"request","status":200,"latency":0.002470208,"method":"GET","path":"/admin/logs","ip":"::1"}
{"level":"info","ts":1772129365.011489,"caller":"middleware/logger.go:22","msg":"request","status":200,"latency":0.001930291,"method":"GET","path":"/admin/logs","ip":"::1"}
{"level":"info","ts":1772129370.009642,"caller":"middleware/logger.go:22","msg":"request","status":200,"latency":0.001978834,"method":"GET","path":"/admin/logs","ip":"::1"}
{"level":"info","ts":1772129375.010613,"caller":"middleware/logger.go:22","msg":"request","status":200,"latency":0.002667458,"method":"GET","path":"/admin/logs","ip":"::1"}
{"level":"info","ts":1772129380.015967,"caller":"middleware/logger.go:22","msg":"request","status":200,"latency":0.002875042,"method":"GET","path":"/admin/logs","ip":"::1"}
{"level":"info","ts":1772129385.0093062,"caller":"middleware/logger.go:22","msg":"request","status":200,"latency":0.002240167,"method":"GET","path":"/admin/logs","ip":"::1"}
{"level":"info","ts":1772129390.0074618,"caller":"middleware/logger.go:22","msg":"request","status":200,"latency":0.00238225,"method":"GET","path":"/admin/logs","ip":"::1"}
{"level":"info","ts":1772129395.009098,"caller":"middleware/logger.go:22","msg":"request","status":200,"latency":0.002217667,"method":"GET","path":"/admin/logs","ip":"::1"}
{"level":"info","ts":1772129400.010388,"caller":"middleware/logger.go:22","msg":"request","status":200,"latency":0.003005792,"method":"GET","path":"/admin/logs","ip":"::1"}
{"level":"info","ts":1772129405.0073652,"caller":"middleware/logger.go:22","msg":"request","status":200,"latency":0.001818334,"method":"GET","path":"/admin/logs","ip":"::1"}
{"level":"info","ts":1772129410.009729,"caller":"middleware/logger.go:22","msg":"request","status":200,"latency":0.001813875,"method":"GET","path":"/admin/logs","ip":"::1"}
{"level":"info","ts":1772129415.008862,"caller":"middleware/logger.go:22","msg":"request","status":200,"latency":0.002883792,"method":"GET","path":"/admin/logs","ip":"::1"}
{"level":"info","ts":1772129420.011928,"caller":"middleware/logger.go:22","msg":"request","status":200,"latency":0.002957958,"method":"GET","path":"/admin/logs","ip":"::1"}
{"level":"info","ts":1772129425.010064,"caller":"middleware/logger.go:22","msg":"request","status":200,"latency":0.002017375,"method":"GET","path":"/admin/logs","ip":"::1"}
{"level":"info","ts":1772129430.006459,"caller":"middleware/logger.go:22","msg":"request","status":200,"latency":0.002094166,"method":"GET","path":"/admin/logs","ip":"::1"}
{"level":"info","ts":1772129435.007293,"caller":"middleware/logger.go:22","msg":"request","status":200,"latency":0.001709,"method":"GET","path":"/admin/logs","ip":"::1"}
{"level":"info","ts":1772129440.006735,"caller":"middleware/logger.go:22","msg":"request","status":200,"latency":0.002514167,"method":"GET","path":"/admin/logs","ip":"::1"}
{"level":"info","ts":1772129445.006882,"caller":"middleware/logger.go:22","msg":"request","status":200,"latency":0.00182775,"method":"GET","path":"/admin/logs","ip":"::1"}
{"level":"info","ts":1772129450.009741,"caller":"middleware/logger.go:22","msg":"request","status":200,"latency":0.004253,"method":"GET","path":"/admin/logs","ip":"::1"}
{"level":"info","ts":1772129455.005926,"caller":"middleware/logger.go:22","msg":"request","status":200,"latency":0.002175,"method":"GET","path":"/admin/logs","ip":"::1"}
{"level":"info","ts":1772129460.007927,"caller":"middleware/logger.go:22","msg":"request","status":200,"latency":0.003685542,"method":"GET","path":"/admin/logs","ip":"::1"}
{"level":"info","ts":1772129465.0065432,"caller":"middleware/logger.go:22","msg":"request","status":200,"latency":0.001889167,"method":"GET","path":"/admin/logs","ip":"::1"}
{"level":"info","ts":1772129470.003747,"caller":"middleware/logger.go:22","msg":"request","status":200,"latency":0.001970667,"method":"GET","path":"/admin/logs","ip":"::1"}
{"level":"info","ts":1772129475.027116,"caller":"middleware/logger.go:22","msg":"request","status":200,"latency":0.004977417,"method":"GET","path":"/admin/logs","ip":"::1"}
{"level":"info","ts":1772129480.009702,"caller":"middleware/logger.go:22","msg":"request","status":200,"latency":0.002788417,"method":"GET","path":"/admin/logs","ip":"::1"}
{"level":"info","ts":1772129485.004292,"caller":"middleware/logger.go:22","msg":"request","status":200,"latency":0.002207,"method":"GET","path":"/admin/logs","ip":"::1"}
{"level":"info","ts":1772129490.003138,"caller":"middleware/logger.go:22","msg":"request","status":200,"latency":0.002225542,"method":"GET","path":"/admin/logs","ip":"::1"}
{"level":"info","ts":1772129495.016841,"caller":"middleware/logger.go:22","msg":"request","status":200,"latency":0.004297833,"method":"GET","path":"/admin/logs","ip":"::1"}
{"level":"info","ts":1772129500.0030022,"caller":"middleware/logger.go:22","msg":"request","status":200,"latency":0.002074625,"method":"GET","path":"/admin/logs","ip":"::1"}
{"level":"info","ts":1772129505.0045319,"caller":"middleware/logger.go:22","msg":"request","status":200,"latency":0.0028965,"method":"GET","path":"/admin/logs","ip":"::1"}
{"level":"info","ts":1772129510.006239,"caller":"middleware/logger.go:22","msg":"request","status":200,"latency":0.002200416,"method":"GET","path":"/admin/logs","ip":"::1"}
{"level":"info","ts":1772129515.002804,"caller":"middleware/logger.go:22","msg":"request","status":200,"latency":0.001894042,"method":"GET","path":"/admin/logs","ip":"::1"}
{"level":"info","ts":1772129520.013302,"caller":"middleware/logger.go:22","msg":"request","status":200,"latency":0.005086916,"method":"GET","path":"/admin/logs","ip":"::1"}
{"level":"info","ts":1772129525.004521,"caller":"middleware/logger.go:22","msg":"request","status":200,"latency":0.002120292,"method":"GET","path":"/admin/logs","ip":"::1"}
{"level":"info","ts":1772129530.0029628,"caller":"middleware/logger.go:22","msg":"request","status":200,"latency":0.002201583,"method":"GET","path":"/admin/logs","ip":"::1"}
{"level":"info","ts":1772129535.0019782,"caller":"middleware/logger.go:22","msg":"request","status":200,"latency":0.002242542,"method":"GET","path":"/admin/logs","ip":"::1"}
{"level":"info","ts":1772129540.013118,"caller":"middleware/logger.go:22","msg":"request","status":200,"latency":0.009867667,"method":"GET","path":"/admin/logs","ip":"::1"}
{"level":"info","ts":1772129545.002548,"caller":"middleware/logger.go:22","msg":"request","status":200,"latency":0.002043834,"method":"GET","path":"/admin/logs","ip":"::1"}
{"level":"info","ts":1772129550.002433,"caller":"middleware/logger.go:22","msg":"request","status":200,"latency":0.003694875,"method":"GET","path":"/admin/logs","ip":"::1"}
{"level":"info","ts":1772129555.003401,"caller":"middleware/logger.go:22","msg":"request","status":200,"latency":0.004006125,"method":"GET","path":"/admin/logs","ip":"::1"}
{"level":"info","ts":1772129560.003368,"caller":"middleware/logger.go:22","msg":"request","status":200,"latency":0.00283125,"method":"GET","path":"/admin/logs","ip":"::1"}
{"level":"info","ts":1772129565.000996,"caller":"middleware/logger.go:22","msg":"request","status":200,"latency":0.002471583,"method":"GET","path":"/admin/logs","ip":"::1"}
{"level":"info","ts":1772129570.001528,"caller":"middleware/logger.go:22","msg":"request","status":200,"latency":0.002879416,"method":"GET","path":"/admin/logs","ip":"::1"}
{"level":"info","ts":1772129575.001261,"caller":"middleware/logger.go:22","msg":"request","status":200,"latency":0.002151541,"method":"GET","path":"/admin/logs","ip":"::1"}
{"level":"info","ts":1772129579.999433,"caller":"middleware/logger.go:22","msg":"request","status":200,"latency":0.002233125,"method":"GET","path":"/admin/logs","ip":"::1"}
{"level":"info","ts":1772129585.001175,"caller":"middleware/logger.go:22","msg":"request","status":200,"latency":0.00258625,"method":"GET","path":"/admin/logs","ip":"::1"}
{"level":"info","ts":1772129590.001085,"caller":"middleware/logger.go:22","msg":"request","status":200,"latency":0.002067333,"method":"GET","path":"/admin/logs","ip":"::1"}
{"level":"info","ts":1772129595.0013912,"caller":"middleware/logger.go:22","msg":"request","status":200,"latency":0.002880166,"method":"GET","path":"/admin/logs","ip":"::1"}
{"level":"info","ts":1772129599.999315,"caller":"middleware/logger.go:22","msg":"request","status":200,"latency":0.00293725,"method":"GET","path":"/admin/logs","ip":"::1"}
{"level":"info","ts":1772129605.0011609,"caller":"middleware/logger.go:22","msg":"request","status":200,"latency":0.002255959,"method":"GET","path":"/admin/logs","ip":"::1"}
{"level":"info","ts":1772129609.9997928,"caller":"middleware/logger.go:22","msg":"request","status":200,"latency":0.002158417,"method":"GET","path":"/admin/logs","ip":"::1"}
{"level":"info","ts":1772129614.997559,"caller":"middleware/logger.go:22","msg":"request","status":200,"latency":0.0024565,"method":"GET","path":"/admin/logs","ip":"::1"}
{"level":"info","ts":1772129619.999712,"caller":"middleware/logger.go:22","msg":"request","status":200,"latency":0.001866833,"method":"GET","path":"/admin/logs","ip":"::1"}
{"level":"info","ts":1772129624.9995399,"caller":"middleware/logger.go:22","msg":"request","status":200,"latency":0.002461417,"method":"GET","path":"/admin/logs","ip":"::1"}
{"level":"info","ts":1772129630.000795,"caller":"middleware/logger.go:22","msg":"request","status":200,"latency":0.004763958,"method":"GET","path":"/admin/logs","ip":"::1"}
{"level":"info","ts":1772129634.9982772,"caller":"middleware/logger.go:22","msg":"request","status":200,"latency":0.002386083,"method":"GET","path":"/admin/logs","ip":"::1"}
{"level":"info","ts":1772129639.999469,"caller":"middleware/logger.go:22","msg":"request","status":200,"latency":0.002000209,"method":"GET","path":"/admin/logs","ip":"::1"}
{"level":"info","ts":1772129644.998395,"caller":"middleware/logger.go:22","msg":"request","status":200,"latency":0.002165833,"method":"GET","path":"/admin/logs","ip":"::1"}
{"level":"info","ts":1772129649.99618,"caller":"middleware/logger.go:22","msg":"request","status":200,"latency":0.002497875,"method":"GET","path":"/admin/logs","ip":"::1"}
{"level":"info","ts":1772129654.996371,"caller":"middleware/logger.go:22","msg":"request","status":200,"latency":0.001950333,"method":"GET","path":"/admin/logs","ip":"::1"}
{"level":"info","ts":1772129659.996906,"caller":"middleware/logger.go:22","msg":"request","status":200,"latency":0.002084625,"method":"GET","path":"/admin/logs","ip":"::1"}
{"level":"info","ts":1772129664.999873,"caller":"middleware/logger.go:22","msg":"request","status":200,"latency":0.007031708,"method":"GET","path":"/admin/logs","ip":"::1"}
{"level":"info","ts":1772129669.999881,"caller":"middleware/logger.go:22","msg":"request","status":200,"latency":0.002090041,"method":"GET","path":"/admin/logs","ip":"::1"}
{"level":"info","ts":1772129674.996139,"caller":"middleware/logger.go:22","msg":"request","status":200,"latency":0.001508959,"method":"GET","path":"/admin/logs","ip":"::1"}
{"level":"info","ts":1772129679.99949,"caller":"middleware/logger.go:22","msg":"request","status":200,"latency":0.002137792,"method":"GET","path":"/admin/logs","ip":"::1"}
{"level":"info","ts":1772129684.996046,"caller":"middleware/logger.go:22","msg":"request","status":200,"latency":0.002529333,"method":"GET","path":"/admin/logs","ip":"::1"}
{"level":"info","ts":1772129689.9962409,"caller":"middleware/logger.go:22","msg":"request","status":200,"latency":0.003069042,"method":"GET","path":"/admin/logs","ip":"::1"}
{"level":"info","ts":1772129694.9970062,"caller":"middleware/logger.go:22","msg":"request","status":200,"latency":0.002192458,"method":"GET","path":"/admin/logs","ip":"::1"}
{"level":"info","ts":1772129699.996568,"caller":"middleware/logger.go:22","msg":"request","status":200,"latency":0.002722583,"method":"GET","path":"/admin/logs","ip":"::1"}
{"level":"info","ts":1772129704.994258,"caller":"middleware/logger.go:22","msg":"request","status":200,"latency":0.002238125,"method":"GET","path":"/admin/logs","ip":"::1"}
{"level":"info","ts":1772129709.99606,"caller":"middleware/logger.go:22","msg":"request","status":200,"latency":0.001644125,"method":"GET","path":"/admin/logs","ip":"::1"}
{"level":"info","ts":1772129714.99827,"caller":"middleware/logger.go:22","msg":"request","status":200,"latency":0.00318425,"method":"GET","path":"/admin/logs","ip":"::1"}
{"level":"info","ts":1772129719.995669,"caller":"middleware/logger.go:22","msg":"request","status":200,"latency":0.002464583,"method":"GET","path":"/admin/logs","ip":"::1"}
{"level":"info","ts":1772129724.996727,"caller":"middleware/logger.go:22","msg":"request","status":200,"latency":0.001824542,"method":"GET","path":"/admin/logs","ip":"::1"}
{"level":"info","ts":1772129729.9949172,"caller":"middleware/logger.go:22","msg":"request","status":200,"latency":0.00263775,"method":"GET","path":"/admin/logs","ip":"::1"}
{"level":"info","ts":1772129734.991675,"caller":"middleware/logger.go:22","msg":"request","status":200,"latency":0.001487125,"method":"GET","path":"/admin/logs","ip":"::1"}
{"level":"info","ts":1772129739.991901,"caller":"middleware/logger.go:22","msg":"request","status":200,"latency":0.001622708,"method":"GET","path":"/admin/logs","ip":"::1"}
{"level":"info","ts":1772129744.9956942,"caller":"middleware/logger.go:22","msg":"request","status":200,"latency":0.001960458,"method":"GET","path":"/admin/logs","ip":"::1"}
{"level":"info","ts":1772129749.994636,"caller":"middleware/logger.go:22","msg":"request","status":200,"latency":0.003216708,"method":"GET","path":"/admin/logs","ip":"::1"}
{"level":"info","ts":1772129754.9922209,"caller":"middleware/logger.go:22","msg":"request","status":200,"latency":0.001987166,"method":"GET","path":"/admin/logs","ip":"::1"}
{"level":"info","ts":1772129759.993056,"caller":"middleware/logger.go:22","msg":"request","status":200,"latency":0.002048584,"method":"GET","path":"/admin/logs","ip":"::1"}
{"level":"info","ts":1772129764.993964,"caller":"middleware/logger.go:22","msg":"request","status":200,"latency":0.003074125,"method":"GET","path":"/admin/logs","ip":"::1"}
{"level":"info","ts":1772129769.992255,"caller":"middleware/logger.go:22","msg":"request","status":200,"latency":0.001669459,"method":"GET","path":"/admin/logs","ip":"::1"}
{"level":"info","ts":1772129774.991786,"caller":"middleware/logger.go:22","msg":"request","status":200,"latency":0.0018635,"method":"GET","path":"/admin/logs","ip":"::1"}
{"level":"info","ts":1772129779.992131,"caller":"middleware/logger.go:22","msg":"request","status":200,"latency":0.002348625,"method":"GET","path":"/admin/logs","ip":"::1"}
{"level":"info","ts":1772129785.008978,"caller":"middleware/logger.go:22","msg":"request","status":200,"latency":0.004170791,"method":"GET","path":"/admin/logs","ip":"::1"}
{"level":"info","ts":1772129789.989708,"caller":"middleware/logger.go:22","msg":"request","status":200,"latency":0.0019875,"method":"GET","path":"/admin/logs","ip":"::1"}
{"level":"info","ts":1772129794.992967,"caller":"middleware/logger.go:22","msg":"request","status":200,"latency":0.004151166,"method":"GET","path":"/admin/logs","ip":"::1"}
{"level":"info","ts":1772129799.9919622,"caller":"middleware/logger.go:22","msg":"request","status":200,"latency":0.00203375,"method":"GET","path":"/admin/logs","ip":"::1"}
{"level":"info","ts":1772129804.991949,"caller":"middleware/logger.go:22","msg":"request","status":200,"latency":0.001888209,"method":"GET","path":"/admin/logs","ip":"::1"}
{"level":"info","ts":1772129809.9927309,"caller":"middleware/logger.go:22","msg":"request","status":200,"latency":0.003340583,"method":"GET","path":"/admin/logs","ip":"::1"}
{"level":"info","ts":1772129814.9944918,"caller":"middleware/logger.go:22","msg":"request","status":200,"latency":0.001535625,"method":"GET","path":"/admin/logs","ip":"::1"}
{"level":"info","ts":1772129819.989114,"caller":"middleware/logger.go:22","msg":"request","status":200,"latency":0.003346709,"method":"GET","path":"/admin/logs","ip":"::1"}
{"level":"info","ts":1772129824.99199,"caller":"middleware/logger.go:22","msg":"request","status":200,"latency":0.00182175,"method":"GET","path":"/admin/logs","ip":"::1"}
{"level":"info","ts":1772129829.993011,"caller":"middleware/logger.go:22","msg":"request","status":200,"latency":0.001717,"method":"GET","path":"/admin/logs","ip":"::1"}
{"level":"info","ts":1772129834.988179,"caller":"middleware/logger.go:22","msg":"request","status":200,"latency":0.00213,"method":"GET","path":"/admin/logs","ip":"::1"}
{"level":"info","ts":1772129839.988852,"caller":"middleware/logger.go:22","msg":"request","status":200,"latency":0.002388458,"method":"GET","path":"/admin/logs","ip":"::1"}
{"level":"info","ts":1772129844.991065,"caller":"middleware/logger.go:22","msg":"request","status":200,"latency":0.001962375,"method":"GET","path":"/admin/logs","ip":"::1"}
{"level":"info","ts":1772129849.989207,"caller":"middleware/logger.go:22","msg":"request","status":200,"latency":0.00225775,"method":"GET","path":"/admin/logs","ip":"::1"}
{"level":"info","ts":1772129854.988736,"caller":"middleware/logger.go:22","msg":"request","status":200,"latency":0.002400625,"method":"GET","path":"/admin/logs","ip":"::1"}
{"level":"info","ts":1772129859.9875379,"caller":"middleware/logger.go:22","msg":"request","status":200,"latency":0.002314708,"method":"GET","path":"/admin/logs","ip":"::1"}
{"level":"info","ts":1772129864.9873228,"caller":"middleware/logger.go:22","msg":"request","status":200,"latency":0.002107125,"method":"GET","path":"/admin/logs","ip":"::1"}
{"level":"info","ts":1772129869.98644,"caller":"middleware/logger.go:22","msg":"request","status":200,"latency":0.00227675,"method":"GET","path":"/admin/logs","ip":"::1"}
{"level":"info","ts":1772129874.988729,"caller":"middleware/logger.go:22","msg":"request","status":200,"latency":0.002361875,"method":"GET","path":"/admin/logs","ip":"::1"}
{"level":"info","ts":1772129879.9881668,"caller":"middleware/logger.go:22","msg":"request","status":200,"latency":0.004866375,"method":"GET","path":"/admin/logs","ip":"::1"}
{"level":"info","ts":1772129884.983267,"caller":"middleware/logger.go:22","msg":"request","status":200,"latency":0.0015525,"method":"GET","path":"/admin/logs","ip":"::1"}
{"level":"info","ts":1772129889.9868422,"caller":"middleware/logger.go:22","msg":"request","status":200,"latency":0.002556041,"method":"GET","path":"/admin/logs","ip":"::1"}
{"level":"info","ts":1772129894.983752,"caller":"middleware/logger.go:22","msg":"request","status":200,"latency":0.002342792,"method":"GET","path":"/admin/logs","ip":"::1"}
{"level":"info","ts":1772129899.989495,"caller":"middleware/logger.go:22","msg":"request","status":200,"latency":0.0024435,"method":"GET","path":"/admin/logs","ip":"::1"}
{"level":"info","ts":1772129904.986482,"caller":"middleware/logger.go:22","msg":"request","status":200,"latency":0.002824375,"method":"GET","path":"/admin/logs","ip":"::1"}
{"level":"info","ts":1772129909.986479,"caller":"middleware/logger.go:22","msg":"request","status":200,"latency":0.002971917,"method":"GET","path":"/admin/logs","ip":"::1"}
{"level":"info","ts":1772129914.987591,"caller":"middleware/logger.go:22","msg":"request","status":200,"latency":0.001694708,"method":"GET","path":"/admin/logs","ip":"::1"}
{"level":"info","ts":1772129919.9858,"caller":"middleware/logger.go:22","msg":"request","status":200,"latency":0.002092209,"method":"GET","path":"/admin/logs","ip":"::1"}
{"level":"info","ts":1772129924.9852989,"caller":"middleware/logger.go:22","msg":"request","status":200,"latency":0.00283425,"method":"GET","path":"/admin/logs","ip":"::1"}
{"level":"info","ts":1772129929.9871202,"caller":"middleware/logger.go:22","msg":"request","status":200,"latency":0.002416333,"method":"GET","path":"/admin/logs","ip":"::1"}
{"level":"info","ts":1772129934.983391,"caller":"middleware/logger.go:22","msg":"request","status":200,"latency":0.002008959,"method":"GET","path":"/admin/logs","ip":"::1"}
{"level":"info","ts":1772129939.983575,"caller":"middleware/logger.go:22","msg":"request","status":200,"latency":0.002315917,"method":"GET","path":"/admin/logs","ip":"::1"}
{"level":"info","ts":1772129944.98942,"caller":"middleware/logger.go:22","msg":"request","status":200,"latency":0.002376959,"method":"GET","path":"/admin/logs","ip":"::1"}
{"level":"info","ts":1772129949.984568,"caller":"middleware/logger.go:22","msg":"request","status":200,"latency":0.00239575,"method":"GET","path":"/admin/logs","ip":"::1"}
{"level":"info","ts":1772129954.980812,"caller":"middleware/logger.go:22","msg":"request","status":200,"latency":0.001700125,"method":"GET","path":"/admin/logs","ip":"::1"}
{"level":"info","ts":1772129959.9836721,"caller":"middleware/logger.go:22","msg":"request","status":200,"latency":0.002345458,"method":"GET","path":"/admin/logs","ip":"::1"}
{"level":"info","ts":1772129964.979402,"caller":"middleware/logger.go:22","msg":"request","status":200,"latency":0.001256666,"method":"GET","path":"/admin/logs","ip":"::1"}
{"level":"info","ts":1772129969.993304,"caller":"middleware/logger.go:22","msg":"request","status":200,"latency":0.004652375,"method":"GET","path":"/admin/logs","ip":"::1"}
{"level":"info","ts":1772129974.982795,"caller":"middleware/logger.go:22","msg":"request","status":200,"latency":0.002282792,"method":"GET","path":"/admin/logs","ip":"::1"}
{"level":"info","ts":1772129979.983295,"caller":"middleware/logger.go:22","msg":"request","status":200,"latency":0.002281792,"method":"GET","path":"/admin/logs","ip":"::1"}
{"level":"info","ts":1772129984.979358,"caller":"middleware/logger.go:22","msg":"request","status":200,"latency":0.001296292,"method":"GET","path":"/admin/logs","ip":"::1"}
{"level":"info","ts":1772129989.9807591,"caller":"middleware/logger.go:22","msg":"request","status":200,"latency":0.002233542,"method":"GET","path":"/admin/logs","ip":"::1"}
{"level":"info","ts":1772129994.981075,"caller":"middleware/logger.go:22","msg":"request","status":200,"latency":0.002039792,"method":"GET","path":"/admin/logs","ip":"::1"}
{"level":"info","ts":1772129999.9826849,"caller":"middleware/logger.go:22","msg":"request","status":200,"latency":0.001879416,"method":"GET","path":"/admin/logs","ip":"::1"}
{"level":"info","ts":1772130004.980465,"caller":"middleware/logger.go:22","msg":"request","status":200,"latency":0.002015875,"method":"GET","path":"/admin/logs","ip":"::1"}
{"level":"info","ts":1772130009.980961,"caller":"middleware/logger.go:22","msg":"request","status":200,"latency":0.002169208,"method":"GET","path":"/admin/logs","ip":"::1"}
{"level":"info","ts":1772130014.981843,"caller":"middleware/logger.go:22","msg":"request","status":200,"latency":0.001690334,"method":"GET","path":"/admin/logs","ip":"::1"}
{"level":"info","ts":1772130019.980543,"caller":"middleware/logger.go:22","msg":"request","status":200,"latency":0.002557834,"method":"GET","path":"/admin/logs","ip":"::1"}
{"level":"info","ts":1772130024.97936,"caller":"middleware/logger.go:22","msg":"request","status":200,"latency":0.0018705,"method":"GET","path":"/admin/logs","ip":"::1"}
{"level":"info","ts":1772130029.988844,"caller":"middleware/logger.go:22","msg":"request","status":200,"latency":0.003553666,"method":"GET","path":"/admin/logs","ip":"::1"}
{"level":"info","ts":1772130034.9797802,"caller":"middleware/logger.go:22","msg":"request","status":200,"latency":0.002786083,"method":"GET","path":"/admin/logs","ip":"::1"}
{"level":"info","ts":1772130039.9766169,"caller":"middleware/logger.go:22","msg":"request","status":200,"latency":0.001485708,"method":"GET","path":"/admin/logs","ip":"::1"}
{"level":"info","ts":1772130044.9792361,"caller":"middleware/logger.go:22","msg":"request","status":200,"latency":0.001619459,"method":"GET","path":"/admin/logs","ip":"::1"}
{"level":"info","ts":1772130049.9798882,"caller":"middleware/logger.go:22","msg":"request","status":200,"latency":0.002838166,"method":"GET","path":"/admin/logs","ip":"::1"}
{"level":"info","ts":1772130054.978822,"caller":"middleware/logger.go:22","msg":"request","status":200,"latency":0.002094666,"method":"GET","path":"/admin/logs","ip":"::1"}
{"level":"info","ts":1772130059.983011,"caller":"middleware/logger.go:22","msg":"request","status":200,"latency":0.002428791,"method":"GET","path":"/admin/logs","ip":"::1"}
{"level":"info","ts":1772130064.975342,"caller":"middleware/logger.go:22","msg":"request","status":200,"latency":0.001543417,"method":"GET","path":"/admin/logs","ip":"::1"}
{"level":"info","ts":1772130069.977449,"caller":"middleware/logger.go:22","msg":"request","status":200,"latency":0.002581958,"method":"GET","path":"/admin/logs","ip":"::1"}
{"level":"info","ts":1772130074.976084,"caller":"middleware/logger.go:22","msg":"request","status":200,"latency":0.001884625,"method":"GET","path":"/admin/logs","ip":"::1"}
{"level":"info","ts":1772130079.978924,"caller":"middleware/logger.go:22","msg":"request","status":200,"latency":0.002050875,"method":"GET","path":"/admin/logs","ip":"::1"}
{"level":"info","ts":1772130084.9770849,"caller":"middleware/logger.go:22","msg":"request","status":200,"latency":0.001301834,"method":"GET","path":"/admin/logs","ip":"::1"}
{"level":"info","ts":1772130089.979744,"caller":"middleware/logger.go:22","msg":"request","status":200,"latency":0.002013791,"method":"GET","path":"/admin/logs","ip":"::1"}
{"level":"info","ts":1772130094.9733791,"caller":"middleware/logger.go:22","msg":"request","status":200,"latency":0.001471625,"method":"GET","path":"/admin/logs","ip":"::1"}
{"level":"info","ts":1772130099.978587,"caller":"middleware/logger.go:22","msg":"request","status":200,"latency":0.002438583,"method":"GET","path":"/admin/logs","ip":"::1"}
{"level":"info","ts":1772130104.9758441,"caller":"middleware/logger.go:22","msg":"request","status":200,"latency":0.002095625,"method":"GET","path":"/admin/logs","ip":"::1"}
{"level":"info","ts":1772130109.976625,"caller":"middleware/logger.go:22","msg":"request","status":200,"latency":0.002787125,"method":"GET","path":"/admin/logs","ip":"::1"}
{"level":"info","ts":1772130114.9755971,"caller":"middleware/logger.go:22","msg":"request","status":200,"latency":0.002113583,"method":"GET","path":"/admin/logs","ip":"::1"}
{"level":"info","ts":1772130119.9781141,"caller":"middleware/logger.go:22","msg":"request","status":200,"latency":0.002054458,"method":"GET","path":"/admin/logs","ip":"::1"}
{"level":"info","ts":1772130124.974848,"caller":"middleware/logger.go:22","msg":"request","status":200,"latency":0.002251042,"method":"GET","path":"/admin/logs","ip":"::1"}
{"level":"info","ts":1772130129.976046,"caller":"middleware/logger.go:22","msg":"request","status":200,"latency":0.002450167,"method":"GET","path":"/admin/logs","ip":"::1"}
{"level":"info","ts":1772130134.973144,"caller":"middleware/logger.go:22","msg":"request","status":200,"latency":0.00185425,"method":"GET","path":"/admin/logs","ip":"::1"}
{"level":"info","ts":1772130139.97355,"caller":"middleware/logger.go:22","msg":"request","status":200,"latency":0.002552791,"method":"GET","path":"/admin/logs","ip":"::1"}
{"level":"info","ts":1772130144.9766989,"caller":"middleware/logger.go:22","msg":"request","status":200,"latency":0.001998208,"method":"GET","path":"/admin/logs","ip":"::1"}
{"level":"info","ts":1772130149.9744,"caller":"middleware/logger.go:22","msg":"request","status":200,"latency":0.002336083,"method":"GET","path":"/admin/logs","ip":"::1"}
{"level":"info","ts":1772130154.973679,"caller":"middleware/logger.go:22","msg":"request","status":200,"latency":0.002300375,"method":"GET","path":"/admin/logs","ip":"::1"}
{"level":"info","ts":1772130159.973471,"caller":"middleware/logger.go:22","msg":"request","status":200,"latency":0.002268625,"method":"GET","path":"/admin/logs","ip":"::1"}
{"level":"info","ts":1772130164.973283,"caller":"middleware/logger.go:22","msg":"request","status":200,"latency":0.002784333,"method":"GET","path":"/admin/logs","ip":"::1"}
{"level":"info","ts":1772130169.974914,"caller":"middleware/logger.go:22","msg":"request","status":200,"latency":0.002764958,"method":"GET","path":"/admin/logs","ip":"::1"}
{"level":"info","ts":1772130174.972425,"caller":"middleware/logger.go:22","msg":"request","status":200,"latency":0.00246275,"method":"GET","path":"/admin/logs","ip":"::1"}
{"level":"info","ts":1772130179.976067,"caller":"middleware/logger.go:22","msg":"request","status":200,"latency":0.00235,"method":"GET","path":"/admin/logs","ip":"::1"}
{"level":"info","ts":1772130184.995605,"caller":"middleware/logger.go:22","msg":"request","status":200,"latency":0.005577042,"method":"GET","path":"/admin/logs","ip":"::1"}
{"level":"info","ts":1772130189.969888,"caller":"middleware/logger.go:22","msg":"request","status":200,"latency":0.002397667,"method":"GET","path":"/admin/logs","ip":"::1"}
{"level":"info","ts":1772130194.972882,"caller":"middleware/logger.go:22","msg":"request","status":200,"latency":0.00268375,"method":"GET","path":"/admin/logs","ip":"::1"}
{"level":"info","ts":1772130199.9695082,"caller":"middleware/logger.go:22","msg":"request","status":200,"latency":0.00230425,"method":"GET","path":"/admin/logs","ip":"::1"}
{"level":"info","ts":1772130204.975426,"caller":"middleware/logger.go:22","msg":"request","status":200,"latency":0.004928541,"method":"GET","path":"/admin/logs","ip":"::1"}
{"level":"info","ts":1772130209.971801,"caller":"middleware/logger.go:22","msg":"request","status":200,"latency":0.002556167,"method":"GET","path":"/admin/logs","ip":"::1"}
{"level":"info","ts":1772130214.971085,"caller":"middleware/logger.go:22","msg":"request","status":200,"latency":0.001929125,"method":"GET","path":"/admin/logs","ip":"::1"}
{"level":"info","ts":1772130219.97054,"caller":"middleware/logger.go:22","msg":"request","status":200,"latency":0.002667833,"method":"GET","path":"/admin/logs","ip":"::1"}
{"level":"info","ts":1772130224.970648,"caller":"middleware/logger.go:22","msg":"request","status":200,"latency":0.002391125,"method":"GET","path":"/admin/logs","ip":"::1"}
{"level":"info","ts":1772130229.970825,"caller":"middleware/logger.go:22","msg":"request","status":200,"latency":0.002351625,"method":"GET","path":"/admin/logs","ip":"::1"}
{"level":"info","ts":1772130234.9702861,"caller":"middleware/logger.go:22","msg":"request","status":200,"latency":0.002004834,"method":"GET","path":"/admin/logs","ip":"::1"}
{"level":"info","ts":1772130239.970891,"caller":"middleware/logger.go:22","msg":"request","status":200,"latency":0.001920625,"method":"GET","path":"/admin/logs","ip":"::1"}
{"level":"info","ts":1772130244.971431,"caller":"middleware/logger.go:22","msg":"request","status":200,"latency":0.002816208,"method":"GET","path":"/admin/logs","ip":"::1"}
{"level":"info","ts":1772130249.9681349,"caller":"middleware/logger.go:22","msg":"request","status":200,"latency":0.001675291,"method":"GET","path":"/admin/logs","ip":"::1"}
{"level":"info","ts":1772130254.9674199,"caller":"middleware/logger.go:22","msg":"request","status":200,"latency":0.002142208,"method":"GET","path":"/admin/logs","ip":"::1"}
{"level":"info","ts":1772130259.976755,"caller":"middleware/logger.go:22","msg":"request","status":200,"latency":0.002771292,"method":"GET","path":"/admin/logs","ip":"::1"}
{"level":"info","ts":1772130264.969783,"caller":"middleware/logger.go:22","msg":"request","status":200,"latency":0.002588833,"method":"GET","path":"/admin/logs","ip":"::1"}
{"level":"info","ts":1772130269.982708,"caller":"middleware/logger.go:22","msg":"request","status":200,"latency":0.004828375,"method":"GET","path":"/admin/logs","ip":"::1"}
{"level":"info","ts":1772130274.971547,"caller":"middleware/logger.go:22","msg":"request","status":200,"latency":0.003917791,"method":"GET","path":"/admin/logs","ip":"::1"}
{"level":"info","ts":1772130279.969874,"caller":"middleware/logger.go:22","msg":"request","status":200,"latency":0.002070583,"method":"GET","path":"/admin/logs","ip":"::1"}
{"level":"info","ts":1772130284.97044,"caller":"middleware/logger.go:22","msg":"request","status":200,"latency":0.00208625,"method":"GET","path":"/admin/logs","ip":"::1"}
{"level":"info","ts":1772130289.969151,"caller":"middleware/logger.go:22","msg":"request","status":200,"latency":0.002559792,"method":"GET","path":"/admin/logs","ip":"::1"}
{"level":"info","ts":1772130294.96897,"caller":"middleware/logger.go:22","msg":"request","status":200,"latency":0.001701542,"method":"GET","path":"/admin/logs","ip":"::1"}
{"level":"info","ts":1772130299.967526,"caller":"middleware/logger.go:22","msg":"request","status":200,"latency":0.00221125,"method":"GET","path":"/admin/logs","ip":"::1"}
{"level":"info","ts":1772130304.964873,"caller":"middleware/logger.go:22","msg":"request","status":200,"latency":0.001552125,"method":"GET","path":"/admin/logs","ip":"::1"}
{"level":"info","ts":1772130309.9672709,"caller":"middleware/logger.go:22","msg":"request","status":200,"latency":0.002336334,"method":"GET","path":"/admin/logs","ip":"::1"}
{"level":"info","ts":1772130314.9666529,"caller":"middleware/logger.go:22","msg":"request","status":200,"latency":0.002301541,"method":"GET","path":"/admin/logs","ip":"::1"}
{"level":"info","ts":1772130319.980751,"caller":"middleware/logger.go:22","msg":"request","status":200,"latency":0.003123,"method":"GET","path":"/admin/logs","ip":"::1"}
{"level":"info","ts":1772130324.9649012,"caller":"middleware/logger.go:22","msg":"request","status":200,"latency":0.0019925,"method":"GET","path":"/admin/logs","ip":"::1"}
{"level":"info","ts":1772130329.965664,"caller":"middleware/logger.go:22","msg":"request","status":200,"latency":0.002031417,"method":"GET","path":"/admin/logs","ip":"::1"}
{"level":"info","ts":1772130334.9817522,"caller":"middleware/logger.go:22","msg":"request","status":200,"latency":0.003197375,"method":"GET","path":"/admin/logs","ip":"::1"}
{"level":"info","ts":1772130339.963767,"caller":"middleware/logger.go:22","msg":"request","status":200,"latency":0.001641833,"method":"GET","path":"/admin/logs","ip":"::1"}
{"level":"info","ts":1772130344.962362,"caller":"middleware/logger.go:22","msg":"request","status":200,"latency":0.001531916,"method":"GET","path":"/admin/logs","ip":"::1"}
{"level":"info","ts":1772130349.965332,"caller":"middleware/logger.go:22","msg":"request","status":200,"latency":0.002575,"method":"GET","path":"/admin/logs","ip":"::1"}
{"level":"info","ts":1772130354.966757,"caller":"middleware/logger.go:22","msg":"request","status":200,"latency":0.003742958,"method":"GET","path":"/admin/logs","ip":"::1"}
{"level":"info","ts":1772130359.9693701,"caller":"middleware/logger.go:22","msg":"request","status":200,"latency":0.003822875,"method":"GET","path":"/admin/logs","ip":"::1"}
{"level":"info","ts":1772130364.965305,"caller":"middleware/logger.go:22","msg":"request","status":200,"latency":0.002112541,"method":"GET","path":"/admin/logs","ip":"::1"}
{"level":"info","ts":1772130369.964878,"caller":"middleware/logger.go:22","msg":"request","status":200,"latency":0.002629792,"method":"GET","path":"/admin/logs","ip":"::1"}
{"level":"info","ts":1772130374.963579,"caller":"middleware/logger.go:22","msg":"request","status":200,"latency":0.00226125,"method":"GET","path":"/admin/logs","ip":"::1"}
{"level":"info","ts":1772130379.9643059,"caller":"middleware/logger.go:22","msg":"request","status":200,"latency":0.001946167,"method":"GET","path":"/admin/logs","ip":"::1"}
{"level":"info","ts":1772130384.9729228,"caller":"middleware/logger.go:22","msg":"request","status":200,"latency":0.003411708,"method":"GET","path":"/admin/logs","ip":"::1"}
{"level":"info","ts":1772130389.963655,"caller":"middleware/logger.go:22","msg":"request","status":200,"latency":0.002528083,"method":"GET","path":"/admin/logs","ip":"::1"}
{"level":"info","ts":1772130394.9699478,"caller":"middleware/logger.go:22","msg":"request","status":200,"latency":0.010017625,"method":"GET","path":"/admin/logs","ip":"::1"}
{"level":"info","ts":1772130399.964948,"caller":"middleware/logger.go:22","msg":"request","status":200,"latency":0.002632041,"method":"GET","path":"/admin/logs","ip":"::1"}
{"level":"info","ts":1772130404.961646,"caller":"middleware/logger.go:22","msg":"request","status":200,"latency":0.001695666,"method":"GET","path":"/admin/logs","ip":"::1"}
{"level":"info","ts":1772130409.9623759,"caller":"middleware/logger.go:22","msg":"request","status":200,"latency":0.00295925,"method":"GET","path":"/admin/logs","ip":"::1"}
{"level":"info","ts":1772130414.9611871,"caller":"middleware/logger.go:22","msg":"request","status":200,"latency":0.002111125,"method":"GET","path":"/admin/logs","ip":"::1"}
{"level":"info","ts":1772130419.962589,"caller":"middleware/logger.go:22","msg":"request","status":200,"latency":0.0019865,"method":"GET","path":"/admin/logs","ip":"::1"}
{"level":"info","ts":1772130424.970346,"caller":"middleware/logger.go:22","msg":"request","status":200,"latency":0.0023675,"method":"GET","path":"/admin/logs","ip":"::1"}
{"level":"info","ts":1772130429.9602718,"caller":"middleware/logger.go:22","msg":"request","status":200,"latency":0.001782708,"method":"GET","path":"/admin/logs","ip":"::1"}
{"level":"info","ts":1772130434.9659379,"caller":"middleware/logger.go:22","msg":"request","status":200,"latency":0.001740375,"method":"GET","path":"/admin/logs","ip":"::1"}
{"level":"info","ts":1772130439.959032,"caller":"middleware/logger.go:22","msg":"request","status":200,"latency":0.001841333,"method":"GET","path":"/admin/logs","ip":"::1"}
{"level":"info","ts":1772130444.957806,"caller":"middleware/logger.go:22","msg":"request","status":200,"latency":0.001512875,"method":"GET","path":"/admin/logs","ip":"::1"}
{"level":"info","ts":1772130449.973174,"caller":"middleware/logger.go:22","msg":"request","status":200,"latency":0.005356541,"method":"GET","path":"/admin/logs","ip":"::1"}
{"level":"info","ts":1772130454.959692,"caller":"middleware/logger.go:22","msg":"request","status":200,"latency":0.002375959,"method":"GET","path":"/admin/logs","ip":"::1"}
{"level":"info","ts":1772130459.9597208,"caller":"middleware/logger.go:22","msg":"request","status":200,"latency":0.001943042,"method":"GET","path":"/admin/logs","ip":"::1"}
{"level":"info","ts":1772130464.960659,"caller":"middleware/logger.go:22","msg":"request","status":200,"latency":0.001769875,"method":"GET","path":"/admin/logs","ip":"::1"}
{"level":"info","ts":1772130469.966635,"caller":"middleware/logger.go:22","msg":"request","status":200,"latency":0.002778334,"method":"GET","path":"/admin/logs","ip":"::1"}
{"level":"info","ts":1772130474.960274,"caller":"middleware/logger.go:22","msg":"request","status":200,"latency":0.002037625,"method":"GET","path":"/admin/logs","ip":"::1"}
{"level":"info","ts":1772130479.959475,"caller":"middleware/logger.go:22","msg":"request","status":200,"latency":0.001816084,"method":"GET","path":"/admin/logs","ip":"::1"}
{"level":"info","ts":1772130484.9571142,"caller":"middleware/logger.go:22","msg":"request","status":200,"latency":0.001780166,"method":"GET","path":"/admin/logs","ip":"::1"}
{"level":"info","ts":1772130489.957141,"caller":"middleware/logger.go:22","msg":"request","status":200,"latency":0.001996292,"method":"GET","path":"/admin/logs","ip":"::1"}
{"level":"info","ts":1772130494.955918,"caller":"middleware/logger.go:22","msg":"request","status":200,"latency":0.001544291,"method":"GET","path":"/admin/logs","ip":"::1"}
{"level":"info","ts":1772130499.9566028,"caller":"middleware/logger.go:22","msg":"request","status":200,"latency":0.0022185,"method":"GET","path":"/admin/logs","ip":"::1"}
{"level":"info","ts":1772130504.957023,"caller":"middleware/logger.go:22","msg":"request","status":200,"latency":0.001729875,"method":"GET","path":"/admin/logs","ip":"::1"}
{"level":"info","ts":1772130509.960057,"caller":"middleware/logger.go:22","msg":"request","status":200,"latency":0.002564,"method":"GET","path":"/admin/logs","ip":"::1"}
{"level":"info","ts":1772130514.958213,"caller":"middleware/logger.go:22","msg":"request","status":200,"latency":0.002316666,"method":"GET","path":"/admin/logs","ip":"::1"}
{"level":"info","ts":1772130519.9541929,"caller":"middleware/logger.go:22","msg":"request","status":200,"latency":0.001711458,"method":"GET","path":"/admin/logs","ip":"::1"}
{"level":"info","ts":1772130524.9543839,"caller":"middleware/logger.go:22","msg":"request","status":200,"latency":0.002114291,"method":"GET","path":"/admin/logs","ip":"::1"}
{"level":"info","ts":1772130529.956522,"caller":"middleware/logger.go:22","msg":"request","status":200,"latency":0.002683792,"method":"GET","path":"/admin/logs","ip":"::1"}
{"level":"info","ts":1772130534.953742,"caller":"middleware/logger.go:22","msg":"request","status":200,"latency":0.001667833,"method":"GET","path":"/admin/logs","ip":"::1"}
{"level":"info","ts":1772130539.966416,"caller":"middleware/logger.go:22","msg":"request","status":200,"latency":0.00294825,"method":"GET","path":"/admin/logs","ip":"::1"}
{"level":"info","ts":1772130544.956044,"caller":"middleware/logger.go:22","msg":"request","status":200,"latency":0.002492334,"method":"GET","path":"/admin/logs","ip":"::1"}
{"level":"info","ts":1772130549.954439,"caller":"middleware/logger.go:22","msg":"request","status":200,"latency":0.001600083,"method":"GET","path":"/admin/logs","ip":"::1"}
{"level":"info","ts":1772130554.95655,"caller":"middleware/logger.go:22","msg":"request","status":200,"latency":0.004747166,"method":"GET","path":"/admin/logs","ip":"::1"}
{"level":"info","ts":1772130559.955425,"caller":"middleware/logger.go:22","msg":"request","status":200,"latency":0.002080125,"method":"GET","path":"/admin/logs","ip":"::1"}
{"level":"info","ts":1772130564.952933,"caller":"middleware/logger.go:22","msg":"request","status":200,"latency":0.00219175,"method":"GET","path":"/admin/logs","ip":"::1"}
{"level":"info","ts":1772130569.9528809,"caller":"middleware/logger.go:22","msg":"request","status":200,"latency":0.001937875,"method":"GET","path":"/admin/logs","ip":"::1"}
{"level":"info","ts":1772130574.952512,"caller":"middleware/logger.go:22","msg":"request","status":200,"latency":0.001479042,"method":"GET","path":"/admin/logs","ip":"::1"}
{"level":"info","ts":1772130579.957729,"caller":"middleware/logger.go:22","msg":"request","status":200,"latency":0.004461625,"method":"GET","path":"/admin/logs","ip":"::1"}
{"level":"info","ts":1772130584.951479,"caller":"middleware/logger.go:22","msg":"request","status":200,"latency":0.002170125,"method":"GET","path":"/admin/logs","ip":"::1"}
{"level":"info","ts":1772130589.953941,"caller":"middleware/logger.go:22","msg":"request","status":200,"latency":0.004218792,"method":"GET","path":"/admin/logs","ip":"::1"}
{"level":"info","ts":1772130594.956954,"caller":"middleware/logger.go:22","msg":"request","status":200,"latency":0.004773416,"method":"GET","path":"/admin/logs","ip":"::1"}
{"level":"info","ts":1772130599.961592,"caller":"middleware/logger.go:22","msg":"request","status":200,"latency":0.003142417,"method":"GET","path":"/admin/logs","ip":"::1"}
{"level":"info","ts":1772130604.954206,"caller":"middleware/logger.go:22","msg":"request","status":200,"latency":0.003625958,"method":"GET","path":"/admin/logs","ip":"::1"}
{"level":"info","ts":1772130609.949868,"caller":"middleware/logger.go:22","msg":"request","status":200,"latency":0.001537791,"method":"GET","path":"/admin/logs","ip":"::1"}
{"level":"info","ts":1772130614.9504871,"caller":"middleware/logger.go:22","msg":"request","status":200,"latency":0.002140458,"method":"GET","path":"/admin/logs","ip":"::1"}
{"level":"info","ts":1772130619.9538481,"caller":"middleware/logger.go:22","msg":"request","status":200,"latency":0.004150792,"method":"GET","path":"/admin/logs","ip":"::1"}
{"level":"info","ts":1772130624.9497778,"caller":"middleware/logger.go:22","msg":"request","status":200,"latency":0.001668042,"method":"GET","path":"/admin/logs","ip":"::1"}
{"level":"info","ts":1772130629.950766,"caller":"middleware/logger.go:22","msg":"request","status":200,"latency":0.00243275,"method":"GET","path":"/admin/logs","ip":"::1"}
{"level":"info","ts":1772130634.95293,"caller":"middleware/logger.go:22","msg":"request","status":200,"latency":0.002288666,"method":"GET","path":"/admin/logs","ip":"::1"}
{"level":"info","ts":1772130639.950152,"caller":"middleware/logger.go:22","msg":"request","status":200,"latency":0.002405667,"method":"GET","path":"/admin/logs","ip":"::1"}
{"level":"info","ts":1772130644.9507918,"caller":"middleware/logger.go:22","msg":"request","status":200,"latency":0.001956416,"method":"GET","path":"/admin/logs","ip":"::1"}
{"level":"info","ts":1772130649.951412,"caller":"middleware/logger.go:22","msg":"request","status":200,"latency":0.002637459,"method":"GET","path":"/admin/logs","ip":"::1"}
{"level":"info","ts":1772130654.94981,"caller":"middleware/logger.go:22","msg":"request","status":200,"latency":0.001709375,"method":"GET","path":"/admin/logs","ip":"::1"}
{"level":"info","ts":1772130659.949881,"caller":"middleware/logger.go:22","msg":"request","status":200,"latency":0.002903375,"method":"GET","path":"/admin/logs","ip":"::1"}
{"level":"info","ts":1772130664.9489658,"caller":"middleware/logger.go:22","msg":"request","status":200,"latency":0.002652541,"method":"GET","path":"/admin/logs","ip":"::1"}
{"level":"info","ts":1772130669.949919,"caller":"middleware/logger.go:22","msg":"request","status":200,"latency":0.001730375,"method":"GET","path":"/admin/logs","ip":"::1"}
{"level":"info","ts":1772130674.9503438,"caller":"middleware/logger.go:22","msg":"request","status":200,"latency":0.002356125,"method":"GET","path":"/admin/logs","ip":"::1"}
{"level":"info","ts":1772130679.952589,"caller":"middleware/logger.go:22","msg":"request","status":200,"latency":0.002465625,"method":"GET","path":"/admin/logs","ip":"::1"}
{"level":"info","ts":1772130684.956141,"caller":"middleware/logger.go:22","msg":"request","status":200,"latency":0.003493375,"method":"GET","path":"/admin/logs","ip":"::1"}
{"level":"info","ts":1772130689.951711,"caller":"middleware/logger.go:22","msg":"request","status":200,"latency":0.002576,"method":"GET","path":"/admin/logs","ip":"::1"}
{"level":"info","ts":1772130694.946957,"caller":"middleware/logger.go:22","msg":"request","status":200,"latency":0.001966125,"method":"GET","path":"/admin/logs","ip":"::1"}
{"level":"info","ts":1772130699.963058,"caller":"middleware/logger.go:22","msg":"request","status":200,"latency":0.00847975,"method":"GET","path":"/admin/logs","ip":"::1"}
{"level":"info","ts":1772130704.949899,"caller":"middleware/logger.go:22","msg":"request","status":200,"latency":0.003010333,"method":"GET","path":"/admin/logs","ip":"::1"}
{"level":"info","ts":1772130709.951884,"caller":"middleware/logger.go:22","msg":"request","status":200,"latency":0.002943834,"method":"GET","path":"/admin/logs","ip":"::1"}
{"level":"info","ts":1772130714.9486568,"caller":"middleware/logger.go:22","msg":"request","status":200,"latency":0.001805375,"method":"GET","path":"/admin/logs","ip":"::1"}
{"level":"info","ts":1772130719.949853,"caller":"middleware/logger.go:22","msg":"request","status":200,"latency":0.002653958,"method":"GET","path":"/admin/logs","ip":"::1"}
{"level":"info","ts":1772130724.9448051,"caller":"middleware/logger.go:22","msg":"request","status":200,"latency":0.001784875,"method":"GET","path":"/admin/logs","ip":"::1"}
{"level":"info","ts":1772130729.946882,"caller":"middleware/logger.go:22","msg":"request","status":200,"latency":0.001821917,"method":"GET","path":"/admin/logs","ip":"::1"}
{"level":"info","ts":1772130734.944884,"caller":"middleware/logger.go:22","msg":"request","status":200,"latency":0.001579916,"method":"GET","path":"/admin/logs","ip":"::1"}
{"level":"info","ts":1772130739.9461792,"caller":"middleware/logger.go:22","msg":"request","status":200,"latency":0.002471333,"method":"GET","path":"/admin/logs","ip":"::1"}
{"level":"info","ts":1772130744.947768,"caller":"middleware/logger.go:22","msg":"request","status":200,"latency":0.002377333,"method":"GET","path":"/admin/logs","ip":"::1"}
{"level":"info","ts":1772130749.944677,"caller":"middleware/logger.go:22","msg":"request","status":200,"latency":0.001978417,"method":"GET","path":"/admin/logs","ip":"::1"}
{"level":"info","ts":1772130754.9443462,"caller":"middleware/logger.go:22","msg":"request","status":200,"latency":0.001804916,"method":"GET","path":"/admin/logs","ip":"::1"}
{"level":"info","ts":1772130759.962553,"caller":"middleware/logger.go:22","msg":"request","status":200,"latency":0.010995166,"method":"GET","path":"/admin/logs","ip":"::1"}
{"level":"info","ts":1772130764.9547799,"caller":"middleware/logger.go:22","msg":"request","status":200,"latency":0.001997875,"method":"GET","path":"/admin/logs","ip":"::1"}
{"level":"info","ts":1772130769.945877,"caller":"middleware/logger.go:22","msg":"request","status":200,"latency":0.001791209,"method":"GET","path":"/admin/logs","ip":"::1"}
{"level":"info","ts":1772130774.9423099,"caller":"middleware/logger.go:22","msg":"request","status":200,"latency":0.001613917,"method":"GET","path":"/admin/logs","ip":"::1"}
{"level":"info","ts":1772130779.94308,"caller":"middleware/logger.go:22","msg":"request","status":200,"latency":0.001840709,"method":"GET","path":"/admin/logs","ip":"::1"}
{"level":"info","ts":1772130784.945055,"caller":"middleware/logger.go:22","msg":"request","status":200,"latency":0.002500667,"method":"GET","path":"/admin/logs","ip":"::1"}
{"level":"info","ts":1772130789.9451158,"caller":"middleware/logger.go:22","msg":"request","status":200,"latency":0.002471833,"method":"GET","path":"/admin/logs","ip":"::1"}
{"level":"info","ts":1772130794.945154,"caller":"middleware/logger.go:22","msg":"request","status":200,"latency":0.0027295,"method":"GET","path":"/admin/logs","ip":"::1"}
{"level":"info","ts":1772130799.944801,"caller":"middleware/logger.go:22","msg":"request","status":200,"latency":0.0022355,"method":"GET","path":"/admin/logs","ip":"::1"}
{"level":"info","ts":1772130804.947382,"caller":"middleware/logger.go:22","msg":"request","status":200,"latency":0.003292333,"method":"GET","path":"/admin/logs","ip":"::1"}
{"level":"info","ts":1772130809.949323,"caller":"middleware/logger.go:22","msg":"request","status":200,"latency":0.001886792,"method":"GET","path":"/admin/logs","ip":"::1"}
{"level":"info","ts":1772130814.9452841,"caller":"middleware/logger.go:22","msg":"request","status":200,"latency":0.002518958,"method":"GET","path":"/admin/logs","ip":"::1"}
{"level":"info","ts":1772130819.9439669,"caller":"middleware/logger.go:22","msg":"request","status":200,"latency":0.002289667,"method":"GET","path":"/admin/logs","ip":"::1"}
{"level":"info","ts":1772130824.945623,"caller":"middleware/logger.go:22","msg":"request","status":200,"latency":0.002729291,"method":"GET","path":"/admin/logs","ip":"::1"}
{"level":"info","ts":1772130829.945436,"caller":"middleware/logger.go:22","msg":"request","status":200,"latency":0.0026185,"method":"GET","path":"/admin/logs","ip":"::1"}
{"level":"info","ts":1772130834.9583528,"caller":"middleware/logger.go:22","msg":"request","status":200,"latency":0.005387125,"method":"GET","path":"/admin/logs","ip":"::1"}
{"level":"info","ts":1772130839.9410691,"caller":"middleware/logger.go:22","msg":"request","status":200,"latency":0.002391,"method":"GET","path":"/admin/logs","ip":"::1"}
{"level":"info","ts":1772130844.950909,"caller":"middleware/logger.go:22","msg":"request","status":200,"latency":0.004963917,"method":"GET","path":"/admin/logs","ip":"::1"}
{"level":"info","ts":1772130849.938334,"caller":"middleware/logger.go:22","msg":"request","status":200,"latency":0.00162575,"method":"GET","path":"/admin/logs","ip":"::1"}
{"level":"info","ts":1772130854.941715,"caller":"middleware/logger.go:22","msg":"request","status":200,"latency":0.001599083,"method":"GET","path":"/admin/logs","ip":"::1"}
{"level":"info","ts":1772130859.942334,"caller":"middleware/logger.go:22","msg":"request","status":200,"latency":0.002147667,"method":"GET","path":"/admin/logs","ip":"::1"}
{"level":"info","ts":1772130864.945785,"caller":"middleware/logger.go:22","msg":"request","status":200,"latency":0.001829833,"method":"GET","path":"/admin/logs","ip":"::1"}
{"level":"info","ts":1772130869.942061,"caller":"middleware/logger.go:22","msg":"request","status":200,"latency":0.004024666,"method":"GET","path":"/admin/logs","ip":"::1"}
{"level":"info","ts":1772130874.95231,"caller":"middleware/logger.go:22","msg":"request","status":200,"latency":0.00507275,"method":"GET","path":"/admin/logs","ip":"::1"}
{"level":"info","ts":1772130879.939036,"caller":"middleware/logger.go:22","msg":"request","status":200,"latency":0.001721084,"method":"GET","path":"/admin/logs","ip":"::1"}
{"level":"info","ts":1772130884.939583,"caller":"middleware/logger.go:22","msg":"request","status":200,"latency":0.0040275,"method":"GET","path":"/admin/logs","ip":"::1"}
{"level":"info","ts":1772130889.95264,"caller":"middleware/logger.go:22","msg":"request","status":200,"latency":0.006924584,"method":"GET","path":"/admin/logs","ip":"::1"}
{"level":"info","ts":1772130894.93991,"caller":"middleware/logger.go:22","msg":"request","status":200,"latency":0.002996,"method":"GET","path":"/admin/logs","ip":"::1"}
{"level":"info","ts":1772130899.953922,"caller":"middleware/logger.go:22","msg":"request","status":200,"latency":0.0036525,"method":"GET","path":"/admin/logs","ip":"::1"}
{"level":"info","ts":1772130904.9410079,"caller":"middleware/logger.go:22","msg":"request","status":200,"latency":0.002338708,"method":"GET","path":"/admin/logs","ip":"::1"}
{"level":"info","ts":1772130909.939956,"caller":"middleware/logger.go:22","msg":"request","status":200,"latency":0.002052,"method":"GET","path":"/admin/logs","ip":"::1"}
{"level":"info","ts":1772130914.9378078,"caller":"middleware/logger.go:22","msg":"request","status":200,"latency":0.001888417,"method":"GET","path":"/admin/logs","ip":"::1"}
{"level":"info","ts":1772130919.940309,"caller":"middleware/logger.go:22","msg":"request","status":200,"latency":0.002047708,"method":"GET","path":"/admin/logs","ip":"::1"}
{"level":"info","ts":1772130924.93802,"caller":"middleware/logger.go:22","msg":"request","status":200,"latency":0.00250675,"method":"GET","path":"/admin/logs","ip":"::1"}
{"level":"info","ts":1772130929.9393349,"caller":"middleware/logger.go:22","msg":"request","status":200,"latency":0.004741542,"method":"GET","path":"/admin/logs","ip":"::1"}
{"level":"info","ts":1772130934.9396129,"caller":"middleware/logger.go:22","msg":"request","status":200,"latency":0.002502125,"method":"GET","path":"/admin/logs","ip":"::1"}
{"level":"info","ts":1772130939.936666,"caller":"middleware/logger.go:22","msg":"request","status":200,"latency":0.002196625,"method":"GET","path":"/admin/logs","ip":"::1"}
{"level":"info","ts":1772130944.9354198,"caller":"middleware/logger.go:22","msg":"request","status":200,"latency":0.002247916,"method":"GET","path":"/admin/logs","ip":"::1"}
{"level":"info","ts":1772130949.9376938,"caller":"middleware/logger.go:22","msg":"request","status":200,"latency":0.003635541,"method":"GET","path":"/admin/logs","ip":"::1"}
{"level":"info","ts":1772130954.936971,"caller":"middleware/logger.go:22","msg":"request","status":200,"latency":0.001960375,"method":"GET","path":"/admin/logs","ip":"::1"}
{"level":"info","ts":1772130959.938827,"caller":"middleware/logger.go:22","msg":"request","status":200,"latency":0.002847584,"method":"GET","path":"/admin/logs","ip":"::1"}
{"level":"info","ts":1772130964.946908,"caller":"middleware/logger.go:22","msg":"request","status":200,"latency":0.002536083,"method":"GET","path":"/admin/logs","ip":"::1"}
{"level":"info","ts":1772130969.93571,"caller":"middleware/logger.go:22","msg":"request","status":200,"latency":0.002042792,"method":"GET","path":"/admin/logs","ip":"::1"}
{"level":"info","ts":1772130974.936953,"caller":"middleware/logger.go:22","msg":"request","status":200,"latency":0.003424875,"method":"GET","path":"/admin/logs","ip":"::1"}
{"level":"info","ts":1772130979.937165,"caller":"middleware/logger.go:22","msg":"request","status":200,"latency":0.002320166,"method":"GET","path":"/admin/logs","ip":"::1"}
{"level":"info","ts":1772130984.9350982,"caller":"middleware/logger.go:22","msg":"request","status":200,"latency":0.002261583,"method":"GET","path":"/admin/logs","ip":"::1"}
{"level":"info","ts":1772130989.946811,"caller":"middleware/logger.go:22","msg":"request","status":200,"latency":0.005394542,"method":"GET","path":"/admin/logs","ip":"::1"}
{"level":"info","ts":1772130994.9339242,"caller":"middleware/logger.go:22","msg":"request","status":200,"latency":0.002282708,"method":"GET","path":"/admin/logs","ip":"::1"}
{"level":"info","ts":1772130999.934119,"caller":"middleware/logger.go:22","msg":"request","status":200,"latency":0.002859667,"method":"GET","path":"/admin/logs","ip":"::1"}
{"level":"info","ts":1772131004.9362218,"caller":"middleware/logger.go:22","msg":"request","status":200,"latency":0.006037417,"method":"GET","path":"/admin/logs","ip":"::1"}
{"level":"info","ts":1772131009.932558,"caller":"middleware/logger.go:22","msg":"request","status":200,"latency":0.001862917,"method":"GET","path":"/admin/logs","ip":"::1"}
{"level":"info","ts":1772131014.946475,"caller":"middleware/logger.go:22","msg":"request","status":200,"latency":0.002535834,"method":"GET","path":"/admin/logs","ip":"::1"}
{"level":"info","ts":1772131019.937572,"caller":"middleware/logger.go:22","msg":"request","status":200,"latency":0.003461292,"method":"GET","path":"/admin/logs","ip":"::1"}
{"level":"info","ts":1772131024.933485,"caller":"middleware/logger.go:22","msg":"request","status":200,"latency":0.003486708,"method":"GET","path":"/admin/logs","ip":"::1"}
{"level":"info","ts":1772131029.930461,"caller":"middleware/logger.go:22","msg":"request","status":200,"latency":0.001767667,"method":"GET","path":"/admin/logs","ip":"::1"}
{"level":"info","ts":1772131034.931308,"caller":"middleware/logger.go:22","msg":"request","status":200,"latency":0.002444125,"method":"GET","path":"/admin/logs","ip":"::1"}
{"level":"info","ts":1772131039.940583,"caller":"middleware/logger.go:22","msg":"request","status":200,"latency":0.002931208,"method":"GET","path":"/admin/logs","ip":"::1"}
{"level":"info","ts":1772131044.93554,"caller":"middleware/logger.go:22","msg":"request","status":200,"latency":0.002252458,"method":"GET","path":"/admin/logs","ip":"::1"}
{"level":"info","ts":1772131049.930016,"caller":"middleware/logger.go:22","msg":"request","status":200,"latency":0.001777333,"method":"GET","path":"/admin/logs","ip":"::1"}
{"level":"info","ts":1772131054.931463,"caller":"middleware/logger.go:22","msg":"request","status":200,"latency":0.00201675,"method":"GET","path":"/admin/logs","ip":"::1"}
{"level":"info","ts":1772131059.9329689,"caller":"middleware/logger.go:22","msg":"request","status":200,"latency":0.005355792,"method":"GET","path":"/admin/logs","ip":"::1"}
{"level":"info","ts":1772131064.944746,"caller":"middleware/logger.go:22","msg":"request","status":200,"latency":0.004658875,"method":"GET","path":"/admin/logs","ip":"::1"}
{"level":"info","ts":1772131069.930347,"caller":"middleware/logger.go:22","msg":"request","status":200,"latency":0.00250375,"method":"GET","path":"/admin/logs","ip":"::1"}
{"level":"info","ts":1772131074.93082,"caller":"middleware/logger.go:22","msg":"request","status":200,"latency":0.002085791,"method":"GET","path":"/admin/logs","ip":"::1"}
{"level":"info","ts":1772131079.9346461,"caller":"middleware/logger.go:22","msg":"request","status":200,"latency":0.007008625,"method":"GET","path":"/admin/logs","ip":"::1"}
{"level":"info","ts":1772131084.932859,"caller":"middleware/logger.go:22","msg":"request","status":200,"latency":0.004859292,"method":"GET","path":"/admin/logs","ip":"::1"}
{"level":"info","ts":1772131089.931487,"caller":"middleware/logger.go:22","msg":"request","status":200,"latency":0.0023415,"method":"GET","path":"/admin/logs","ip":"::1"}
{"level":"info","ts":1772131094.926847,"caller":"middleware/logger.go:22","msg":"request","status":200,"latency":0.001573292,"method":"GET","path":"/admin/logs","ip":"::1"}
{"level":"info","ts":1772131099.92926,"caller":"middleware/logger.go:22","msg":"request","status":200,"latency":0.002101084,"method":"GET","path":"/admin/logs","ip":"::1"}
{"level":"info","ts":1772131104.9308631,"caller":"middleware/logger.go:22","msg":"request","status":200,"latency":0.001930417,"method":"GET","path":"/admin/logs","ip":"::1"}
{"level":"info","ts":1772131109.927449,"caller":"middleware/logger.go:22","msg":"request","status":200,"latency":0.001773333,"method":"GET","path":"/admin/logs","ip":"::1"}
{"level":"info","ts":1772131114.92799,"caller":"middleware/logger.go:22","msg":"request","status":200,"latency":0.002799791,"method":"GET","path":"/admin/logs","ip":"::1"}
{"level":"info","ts":1772131119.929188,"caller":"middleware/logger.go:22","msg":"request","status":200,"latency":0.003276208,"method":"GET","path":"/admin/logs","ip":"::1"}
{"level":"info","ts":1772131124.9279091,"caller":"middleware/logger.go:22","msg":"request","status":200,"latency":0.001728291,"method":"GET","path":"/admin/logs","ip":"::1"}
{"level":"info","ts":1772131129.928671,"caller":"middleware/logger.go:22","msg":"request","status":200,"latency":0.003635958,"method":"GET","path":"/admin/logs","ip":"::1"}
{"level":"info","ts":1772131134.928745,"caller":"middleware/logger.go:22","msg":"request","status":200,"latency":0.001778167,"method":"GET","path":"/admin/logs","ip":"::1"}
{"level":"info","ts":1772131139.930239,"caller":"middleware/logger.go:22","msg":"request","status":200,"latency":0.001713792,"method":"GET","path":"/admin/logs","ip":"::1"}
{"level":"info","ts":1772131144.927901,"caller":"middleware/logger.go:22","msg":"request","status":200,"latency":0.002334875,"method":"GET","path":"/admin/logs","ip":"::1"}
{"level":"info","ts":1772131149.929058,"caller":"middleware/logger.go:22","msg":"request","status":200,"latency":0.0022195,"method":"GET","path":"/admin/logs","ip":"::1"}
{"level":"info","ts":1772131154.930988,"caller":"middleware/logger.go:22","msg":"request","status":200,"latency":0.0024345,"method":"GET","path":"/admin/logs","ip":"::1"}
{"level":"info","ts":1772131159.9240909,"caller":"middleware/logger.go:22","msg":"request","status":200,"latency":0.001678583,"method":"GET","path":"/admin/logs","ip":"::1"}
{"level":"info","ts":1772131164.925479,"caller":"middleware/logger.go:22","msg":"request","status":200,"latency":0.001857041,"method":"GET","path":"/admin/logs","ip":"::1"}
{"level":"info","ts":1772131169.9311502,"caller":"middleware/logger.go:22","msg":"request","status":200,"latency":0.002026041,"method":"GET","path":"/admin/logs","ip":"::1"}
{"level":"info","ts":1772131174.925728,"caller":"middleware/logger.go:22","msg":"request","status":200,"latency":0.002638792,"method":"GET","path":"/admin/logs","ip":"::1"}
{"level":"info","ts":1772131179.9257758,"caller":"middleware/logger.go:22","msg":"request","status":200,"latency":0.002605833,"method":"GET","path":"/admin/logs","ip":"::1"}
{"level":"info","ts":1772131184.923019,"caller":"middleware/logger.go:22","msg":"request","status":200,"latency":0.00166175,"method":"GET","path":"/admin/logs","ip":"::1"}
{"level":"info","ts":1772131189.934653,"caller":"middleware/logger.go:22","msg":"request","status":200,"latency":0.002477042,"method":"GET","path":"/admin/logs","ip":"::1"}
{"level":"info","ts":1772131194.922436,"caller":"middleware/logger.go:22","msg":"request","status":200,"latency":0.001868584,"method":"GET","path":"/admin/logs","ip":"::1"}
{"level":"info","ts":1772131199.93563,"caller":"middleware/logger.go:22","msg":"request","status":200,"latency":0.004016042,"method":"GET","path":"/admin/logs","ip":"::1"}
{"level":"info","ts":1772131204.9226902,"caller":"middleware/logger.go:22","msg":"request","status":200,"latency":0.001700458,"method":"GET","path":"/admin/logs","ip":"::1"}
{"level":"info","ts":1772131209.9214668,"caller":"middleware/logger.go:22","msg":"request","status":200,"latency":0.001629334,"method":"GET","path":"/admin/logs","ip":"::1"}
{"level":"info","ts":1772131214.93149,"caller":"middleware/logger.go:22","msg":"request","status":200,"latency":0.002517833,"method":"GET","path":"/admin/logs","ip":"::1"}
{"level":"info","ts":1772131219.921327,"caller":"middleware/logger.go:22","msg":"request","status":200,"latency":0.001671875,"method":"GET","path":"/admin/logs","ip":"::1"}
{"level":"info","ts":1772131224.927309,"caller":"middleware/logger.go:22","msg":"request","status":200,"latency":0.0020235,"method":"GET","path":"/admin/logs","ip":"::1"}
{"level":"info","ts":1772131229.927725,"caller":"middleware/logger.go:22","msg":"request","status":200,"latency":0.003124209,"method":"GET","path":"/admin/logs","ip":"::1"}
{"level":"info","ts":1772131234.928441,"caller":"middleware/logger.go:22","msg":"request","status":200,"latency":0.002048,"method":"GET","path":"/admin/logs","ip":"::1"}
{"level":"info","ts":1772131239.9212549,"caller":"middleware/logger.go:22","msg":"request","status":200,"latency":0.001481875,"method":"GET","path":"/admin/logs","ip":"::1"}
{"level":"info","ts":1772131244.931635,"caller":"middleware/logger.go:22","msg":"request","status":200,"latency":0.003132833,"method":"GET","path":"/admin/logs","ip":"::1"}
{"level":"info","ts":1772131249.927876,"caller":"middleware/logger.go:22","msg":"request","status":200,"latency":0.006525834,"method":"GET","path":"/admin/logs","ip":"::1"}
{"level":"info","ts":1772131254.9225311,"caller":"middleware/logger.go:22","msg":"request","status":200,"latency":0.001878834,"method":"GET","path":"/admin/logs","ip":"::1"}
{"level":"info","ts":1772131259.932758,"caller":"middleware/logger.go:22","msg":"request","status":200,"latency":0.003641375,"method":"GET","path":"/admin/logs","ip":"::1"}
{"level":"info","ts":1772131264.923306,"caller":"middleware/logger.go:22","msg":"request","status":200,"latency":0.001818458,"method":"GET","path":"/admin/logs","ip":"::1"}
{"level":"info","ts":1772131269.921987,"caller":"middleware/logger.go:22","msg":"request","status":200,"latency":0.002038625,"method":"GET","path":"/admin/logs","ip":"::1"}
{"level":"info","ts":1772131274.920804,"caller":"middleware/logger.go:22","msg":"request","status":200,"latency":0.00210425,"method":"GET","path":"/admin/logs","ip":"::1"}
{"level":"info","ts":1772131279.924258,"caller":"middleware/logger.go:22","msg":"request","status":200,"latency":0.003579334,"method":"GET","path":"/admin/logs","ip":"::1"}
{"level":"info","ts":1772131284.9218519,"caller":"middleware/logger.go:22","msg":"request","status":200,"latency":0.002575792,"method":"GET","path":"/admin/logs","ip":"::1"}
{"level":"info","ts":1772131289.937516,"caller":"middleware/logger.go:22","msg":"request","status":200,"latency":0.007458,"method":"GET","path":"/admin/logs","ip":"::1"}
{"level":"info","ts":1772131294.924937,"caller":"middleware/logger.go:22","msg":"request","status":200,"latency":0.002092167,"method":"GET","path":"/admin/logs","ip":"::1"}
{"level":"info","ts":1772131299.9176252,"caller":"middleware/logger.go:22","msg":"request","status":200,"latency":0.001822375,"method":"GET","path":"/admin/logs","ip":"::1"}
{"level":"info","ts":1772131304.921707,"caller":"middleware/logger.go:22","msg":"request","status":200,"latency":0.002488041,"method":"GET","path":"/admin/logs","ip":"::1"}
{"level":"info","ts":1772131309.919638,"caller":"middleware/logger.go:22","msg":"request","status":200,"latency":0.002554708,"method":"GET","path":"/admin/logs","ip":"::1"}
{"level":"info","ts":1772131314.923529,"caller":"middleware/logger.go:22","msg":"request","status":200,"latency":0.003052708,"method":"GET","path":"/admin/logs","ip":"::1"}
{"level":"info","ts":1772131319.9396448,"caller":"middleware/logger.go:22","msg":"request","status":200,"latency":0.005131583,"method":"GET","path":"/admin/logs","ip":"::1"}
{"level":"info","ts":1772131324.9185321,"caller":"middleware/logger.go:22","msg":"request","status":200,"latency":0.00259225,"method":"GET","path":"/admin/logs","ip":"::1"}
{"level":"info","ts":1772131329.9213922,"caller":"middleware/logger.go:22","msg":"request","status":200,"latency":0.002284,"method":"GET","path":"/admin/logs","ip":"::1"}
{"level":"info","ts":1772131334.916585,"caller":"middleware/logger.go:22","msg":"request","status":200,"latency":0.001674083,"method":"GET","path":"/admin/logs","ip":"::1"}
{"level":"info","ts":1772131339.9195268,"caller":"middleware/logger.go:22","msg":"request","status":200,"latency":0.001881,"method":"GET","path":"/admin/logs","ip":"::1"}
{"level":"info","ts":1772131344.919286,"caller":"middleware/logger.go:22","msg":"request","status":200,"latency":0.00289225,"method":"GET","path":"/admin/logs","ip":"::1"}
{"level":"info","ts":1772131349.937922,"caller":"middleware/logger.go:22","msg":"request","status":200,"latency":0.006314041,"method":"GET","path":"/admin/logs","ip":"::1"}
{"level":"info","ts":1772131354.91907,"caller":"middleware/logger.go:22","msg":"request","status":200,"latency":0.001996833,"method":"GET","path":"/admin/logs","ip":"::1"}
{"level":"info","ts":1772131359.929585,"caller":"middleware/logger.go:22","msg":"request","status":200,"latency":0.004868333,"method":"GET","path":"/admin/logs","ip":"::1"}
{"level":"info","ts":1772131364.915772,"caller":"middleware/logger.go:22","msg":"request","status":200,"latency":0.001601625,"method":"GET","path":"/admin/logs","ip":"::1"}
{"level":"info","ts":1772131369.920935,"caller":"middleware/logger.go:22","msg":"request","status":200,"latency":0.002687375,"method":"GET","path":"/admin/logs","ip":"::1"}
{"level":"info","ts":1772131374.919714,"caller":"middleware/logger.go:22","msg":"request","status":200,"latency":0.005213416,"method":"GET","path":"/admin/logs","ip":"::1"}
{"level":"info","ts":1772131379.933695,"caller":"middleware/logger.go:22","msg":"request","status":200,"latency":0.005296416,"method":"GET","path":"/admin/logs","ip":"::1"}
{"level":"info","ts":1772131384.918838,"caller":"middleware/logger.go:22","msg":"request","status":200,"latency":0.002863084,"method":"GET","path":"/admin/logs","ip":"::1"}
{"level":"info","ts":1772131389.940688,"caller":"middleware/logger.go:22","msg":"request","status":200,"latency":0.010349875,"method":"GET","path":"/admin/logs","ip":"::1"}
{"level":"info","ts":1772131394.914279,"caller":"middleware/logger.go:22","msg":"request","status":200,"latency":0.003255416,"method":"GET","path":"/admin/logs","ip":"::1"}
{"level":"info","ts":1772131399.918387,"caller":"middleware/logger.go:22","msg":"request","status":200,"latency":0.00293875,"method":"GET","path":"/admin/logs","ip":"::1"}
{"level":"info","ts":1772131404.913971,"caller":"middleware/logger.go:22","msg":"request","status":200,"latency":0.0022075,"method":"GET","path":"/admin/logs","ip":"::1"}
{"level":"info","ts":1772131409.926825,"caller":"middleware/logger.go:22","msg":"request","status":200,"latency":0.003457083,"method":"GET","path":"/admin/logs","ip":"::1"}
{"level":"info","ts":1772131414.9121652,"caller":"middleware/logger.go:22","msg":"request","status":200,"latency":0.001634292,"method":"GET","path":"/admin/logs","ip":"::1"}
{"level":"info","ts":1772131419.913978,"caller":"middleware/logger.go:22","msg":"request","status":200,"latency":0.00205225,"method":"GET","path":"/admin/logs","ip":"::1"}
{"level":"info","ts":1772131424.923718,"caller":"middleware/logger.go:22","msg":"request","status":200,"latency":0.00294325,"method":"GET","path":"/admin/logs","ip":"::1"}
{"level":"info","ts":1772131429.91249,"caller":"middleware/logger.go:22","msg":"request","status":200,"latency":0.0023985,"method":"GET","path":"/admin/logs","ip":"::1"}
{"level":"info","ts":1772131434.910795,"caller":"middleware/logger.go:22","msg":"request","status":200,"latency":0.001164583,"method":"GET","path":"/admin/logs","ip":"::1"}
{"level":"info","ts":1772131439.92522,"caller":"middleware/logger.go:22","msg":"request","status":200,"latency":0.002910333,"method":"GET","path":"/admin/logs","ip":"::1"}
{"level":"info","ts":1772131444.93912,"caller":"middleware/logger.go:22","msg":"request","status":200,"latency":0.013286083,"method":"GET","path":"/admin/logs","ip":"::1"}
{"level":"info","ts":1772131449.927031,"caller":"middleware/logger.go:22","msg":"request","status":200,"latency":0.005558667,"method":"GET","path":"/admin/logs","ip":"::1"}
{"level":"info","ts":1772131454.9106822,"caller":"middleware/logger.go:22","msg":"request","status":200,"latency":0.002383209,"method":"GET","path":"/admin/logs","ip":"::1"}
{"level":"info","ts":1772131459.922098,"caller":"middleware/logger.go:22","msg":"request","status":200,"latency":0.003168208,"method":"GET","path":"/admin/logs","ip":"::1"}
{"level":"info","ts":1772131464.9103801,"caller":"middleware/logger.go:22","msg":"request","status":200,"latency":0.001562958,"method":"GET","path":"/admin/logs","ip":"::1"}
{"level":"info","ts":1772131469.92873,"caller":"middleware/logger.go:22","msg":"request","status":200,"latency":0.003645959,"method":"GET","path":"/admin/logs","ip":"::1"}
{"level":"info","ts":1772131474.911368,"caller":"middleware/logger.go:22","msg":"request","status":200,"latency":0.001823,"method":"GET","path":"/admin/logs","ip":"::1"}
{"level":"info","ts":1772131479.9271328,"caller":"middleware/logger.go:22","msg":"request","status":200,"latency":0.004959375,"method":"GET","path":"/admin/logs","ip":"::1"}
{"level":"info","ts":1772131484.917248,"caller":"middleware/logger.go:22","msg":"request","status":200,"latency":0.008672875,"method":"GET","path":"/admin/logs","ip":"::1"}
{"level":"info","ts":1772131489.931584,"caller":"middleware/logger.go:22","msg":"request","status":200,"latency":0.004519584,"method":"GET","path":"/admin/logs","ip":"::1"}
{"level":"info","ts":1772131494.912422,"caller":"middleware/logger.go:22","msg":"request","status":200,"latency":0.002914833,"method":"GET","path":"/admin/logs","ip":"::1"}
{"level":"info","ts":1772131499.936699,"caller":"middleware/logger.go:22","msg":"request","status":200,"latency":0.005501917,"method":"GET","path":"/admin/logs","ip":"::1"}
{"level":"info","ts":1772131504.90859,"caller":"middleware/logger.go:22","msg":"request","status":200,"latency":0.001502708,"method":"GET","path":"/admin/logs","ip":"::1"}
{"level":"info","ts":1772131509.916173,"caller":"middleware/logger.go:22","msg":"request","status":200,"latency":0.002738833,"method":"GET","path":"/admin/logs","ip":"::1"}
{"level":"info","ts":1772131514.9334972,"caller":"middleware/logger.go:22","msg":"request","status":200,"latency":0.006968917,"method":"GET","path":"/admin/logs","ip":"::1"}
{"level":"info","ts":1772131519.907952,"caller":"middleware/logger.go:22","msg":"request","status":200,"latency":0.002342375,"method":"GET","path":"/admin/logs","ip":"::1"}
{"level":"info","ts":1772131524.913007,"caller":"middleware/logger.go:22","msg":"request","status":200,"latency":0.002370292,"method":"GET","path":"/admin/logs","ip":"::1"}
{"level":"info","ts":1772131529.9094489,"caller":"middleware/logger.go:22","msg":"request","status":200,"latency":0.002816667,"method":"GET","path":"/admin/logs","ip":"::1"}
{"level":"info","ts":1772131534.908565,"caller":"middleware/logger.go:22","msg":"request","status":200,"latency":0.002210167,"method":"GET","path":"/admin/logs","ip":"::1"}
{"level":"info","ts":1772131539.9093199,"caller":"middleware/logger.go:22","msg":"request","status":200,"latency":0.002131459,"method":"GET","path":"/admin/logs","ip":"::1"}
{"level":"info","ts":1772131544.909299,"caller":"middleware/logger.go:22","msg":"request","status":200,"latency":0.002737875,"method":"GET","path":"/admin/logs","ip":"::1"}
{"level":"info","ts":1772131549.912151,"caller":"middleware/logger.go:22","msg":"request","status":200,"latency":0.001800416,"method":"GET","path":"/admin/logs","ip":"::1"}
{"level":"info","ts":1772131554.908973,"caller":"middleware/logger.go:22","msg":"request","status":200,"latency":0.002206542,"method":"GET","path":"/admin/logs","ip":"::1"}
{"level":"info","ts":1772131559.908345,"caller":"middleware/logger.go:22","msg":"request","status":200,"latency":0.00169525,"method":"GET","path":"/admin/logs","ip":"::1"}
{"level":"info","ts":1772131564.929673,"caller":"middleware/logger.go:22","msg":"request","status":200,"latency":0.002739834,"method":"GET","path":"/admin/logs","ip":"::1"}
{"level":"info","ts":1772131569.9147022,"caller":"middleware/logger.go:22","msg":"request","status":200,"latency":0.0018935,"method":"GET","path":"/admin/logs","ip":"::1"}
{"level":"info","ts":1772131574.914757,"caller":"middleware/logger.go:22","msg":"request","status":200,"latency":0.002117791,"method":"GET","path":"/admin/logs","ip":"::1"}
{"level":"info","ts":1772131579.9168582,"caller":"middleware/logger.go:22","msg":"request","status":200,"latency":0.002523416,"method":"GET","path":"/admin/logs","ip":"::1"}
{"level":"info","ts":1772131584.91428,"caller":"middleware/logger.go:22","msg":"request","status":200,"latency":0.002033125,"method":"GET","path":"/admin/logs","ip":"::1"}
{"level":"info","ts":1772131589.917311,"caller":"middleware/logger.go:22","msg":"request","status":200,"latency":0.001869,"method":"GET","path":"/admin/logs","ip":"::1"}
{"level":"info","ts":1772131594.919786,"caller":"middleware/logger.go:22","msg":"request","status":200,"latency":0.004150125,"method":"GET","path":"/admin/logs","ip":"::1"}
{"level":"info","ts":1772131599.918082,"caller":"middleware/logger.go:22","msg":"request","status":200,"latency":0.003887708,"method":"GET","path":"/admin/logs","ip":"::1"}
{"level":"info","ts":1772131604.916066,"caller":"middleware/logger.go:22","msg":"request","status":200,"latency":0.001973792,"method":"GET","path":"/admin/logs","ip":"::1"}
{"level":"info","ts":1772131609.913961,"caller":"middleware/logger.go:22","msg":"request","status":200,"latency":0.001555042,"method":"GET","path":"/admin/logs","ip":"::1"}
{"level":"info","ts":1772131614.9239721,"caller":"middleware/logger.go:22","msg":"request","status":200,"latency":0.005878708,"method":"GET","path":"/admin/logs","ip":"::1"}
{"level":"info","ts":1772131619.917172,"caller":"middleware/logger.go:22","msg":"request","status":200,"latency":0.001880917,"method":"GET","path":"/admin/logs","ip":"::1"}
{"level":"info","ts":1772131624.917353,"caller":"middleware/logger.go:22","msg":"request","status":200,"latency":0.003506584,"method":"GET","path":"/admin/logs","ip":"::1"}
{"level":"info","ts":1772131629.916521,"caller":"middleware/logger.go:22","msg":"request","status":200,"latency":0.001980375,"method":"GET","path":"/admin/logs","ip":"::1"}
{"level":"info","ts":1772131634.916864,"caller":"middleware/logger.go:22","msg":"request","status":200,"latency":0.003260875,"method":"GET","path":"/admin/logs","ip":"::1"}
{"level":"info","ts":1772131639.917581,"caller":"middleware/logger.go:22","msg":"request","status":200,"latency":0.002217875,"method":"GET","path":"/admin/logs","ip":"::1"}
{"level":"info","ts":1772131644.920158,"caller":"middleware/logger.go:22","msg":"request","status":200,"latency":0.001935833,"method":"GET","path":"/admin/logs","ip":"::1"}
{"level":"info","ts":1772131649.9139771,"caller":"middleware/logger.go:22","msg":"request","status":200,"latency":0.001986458,"method":"GET","path":"/admin/logs","ip":"::1"}
{"level":"info","ts":1772131654.914876,"caller":"middleware/logger.go:22","msg":"request","status":200,"latency":0.002124916,"method":"GET","path":"/admin/logs","ip":"::1"}
{"level":"info","ts":1772131659.9145558,"caller":"middleware/logger.go:22","msg":"request","status":200,"latency":0.002816916,"method":"GET","path":"/admin/logs","ip":"::1"}
{"level":"info","ts":1772131664.915423,"caller":"middleware/logger.go:22","msg":"request","status":200,"latency":0.002590833,"method":"GET","path":"/admin/logs","ip":"::1"}
{"level":"info","ts":1772131669.914722,"caller":"middleware/logger.go:22","msg":"request","status":200,"latency":0.001911541,"method":"GET","path":"/admin/logs","ip":"::1"}
{"level":"info","ts":1772131674.91677,"caller":"middleware/logger.go:22","msg":"request","status":200,"latency":0.002079792,"method":"GET","path":"/admin/logs","ip":"::1"}
{"level":"info","ts":1772131679.914958,"caller":"middleware/logger.go:22","msg":"request","status":200,"latency":0.002485667,"method":"GET","path":"/admin/logs","ip":"::1"}
{"level":"info","ts":1772131684.914606,"caller":"middleware/logger.go:22","msg":"request","status":200,"latency":0.002382333,"method":"GET","path":"/admin/logs","ip":"::1"}
{"level":"info","ts":1772131689.930911,"caller":"middleware/logger.go:22","msg":"request","status":200,"latency":0.005438875,"method":"GET","path":"/admin/logs","ip":"::1"}
{"level":"info","ts":1772131694.912317,"caller":"middleware/logger.go:22","msg":"request","status":200,"latency":0.002083875,"method":"GET","path":"/admin/logs","ip":"::1"}
{"level":"info","ts":1772131699.912611,"caller":"middleware/logger.go:22","msg":"request","status":200,"latency":0.002018875,"method":"GET","path":"/admin/logs","ip":"::1"}
{"level":"info","ts":1772131704.913193,"caller":"middleware/logger.go:22","msg":"request","status":200,"latency":0.002033917,"method":"GET","path":"/admin/logs","ip":"::1"}
{"level":"info","ts":1772131709.927103,"caller":"middleware/logger.go:22","msg":"request","status":200,"latency":0.0031625,"method":"GET","path":"/admin/logs","ip":"::1"}
{"level":"info","ts":1772131714.9117692,"caller":"middleware/logger.go:22","msg":"request","status":200,"latency":0.0030955,"method":"GET","path":"/admin/logs","ip":"::1"}
{"level":"info","ts":1772131719.912617,"caller":"middleware/logger.go:22","msg":"request","status":200,"latency":0.002006708,"method":"GET","path":"/admin/logs","ip":"::1"}
{"level":"info","ts":1772131724.9138591,"caller":"middleware/logger.go:22","msg":"request","status":200,"latency":0.0015875,"method":"GET","path":"/admin/logs","ip":"::1"}
{"level":"info","ts":1772131729.9122481,"caller":"middleware/logger.go:22","msg":"request","status":200,"latency":0.002698167,"method":"GET","path":"/admin/logs","ip":"::1"}
{"level":"info","ts":1772131734.9133492,"caller":"middleware/logger.go:22","msg":"request","status":200,"latency":0.002509375,"method":"GET","path":"/admin/logs","ip":"::1"}
{"level":"info","ts":1772131739.9191139,"caller":"middleware/logger.go:22","msg":"request","status":200,"latency":0.003280708,"method":"GET","path":"/admin/logs","ip":"::1"}
{"level":"info","ts":1772131744.940119,"caller":"middleware/logger.go:22","msg":"request","status":200,"latency":0.006628791,"method":"GET","path":"/admin/logs","ip":"::1"}
{"level":"info","ts":1772131749.9086962,"caller":"middleware/logger.go:22","msg":"request","status":200,"latency":0.001680292,"method":"GET","path":"/admin/logs","ip":"::1"}
{"level":"info","ts":1772131754.9111192,"caller":"middleware/logger.go:22","msg":"request","status":200,"latency":0.002478,"method":"GET","path":"/admin/logs","ip":"::1"}
{"level":"info","ts":1772131759.9081721,"caller":"middleware/logger.go:22","msg":"request","status":200,"latency":0.002024709,"method":"GET","path":"/admin/logs","ip":"::1"}
{"level":"info","ts":1772131764.9094348,"caller":"middleware/logger.go:22","msg":"request","status":200,"latency":0.002362708,"method":"GET","path":"/admin/logs","ip":"::1"}
{"level":"info","ts":1772131769.922251,"caller":"middleware/logger.go:22","msg":"request","status":200,"latency":0.003355542,"method":"GET","path":"/admin/logs","ip":"::1"}
{"level":"info","ts":1772131774.907271,"caller":"middleware/logger.go:22","msg":"request","status":200,"latency":0.001817667,"method":"GET","path":"/admin/logs","ip":"::1"}
{"level":"info","ts":1772131779.906253,"caller":"middleware/logger.go:22","msg":"request","status":200,"latency":0.002222542,"method":"GET","path":"/admin/logs","ip":"::1"}
{"level":"info","ts":1772131784.9251041,"caller":"middleware/logger.go:22","msg":"request","status":200,"latency":0.002716875,"method":"GET","path":"/admin/logs","ip":"::1"}
{"level":"info","ts":1772131789.912847,"caller":"middleware/logger.go:22","msg":"request","status":200,"latency":0.006297083,"method":"GET","path":"/admin/logs","ip":"::1"}
{"level":"info","ts":1772131794.9230862,"caller":"middleware/logger.go:22","msg":"request","status":200,"latency":0.00656425,"method":"GET","path":"/admin/logs","ip":"::1"}
{"level":"info","ts":1772131799.909011,"caller":"middleware/logger.go:22","msg":"request","status":200,"latency":0.003123292,"method":"GET","path":"/admin/logs","ip":"::1"}
{"level":"info","ts":1772131804.919523,"caller":"middleware/logger.go:22","msg":"request","status":200,"latency":0.004019416,"method":"GET","path":"/admin/logs","ip":"::1"}
{"level":"info","ts":1772131809.9063911,"caller":"middleware/logger.go:22","msg":"request","status":200,"latency":0.002187417,"method":"GET","path":"/admin/logs","ip":"::1"}
{"level":"info","ts":1772131814.920088,"caller":"middleware/logger.go:22","msg":"request","status":200,"latency":0.0027895,"method":"GET","path":"/admin/logs","ip":"::1"}
{"level":"info","ts":1772131819.904311,"caller":"middleware/logger.go:22","msg":"request","status":200,"latency":0.001687041,"method":"GET","path":"/admin/logs","ip":"::1"}
{"level":"info","ts":1772131824.909534,"caller":"middleware/logger.go:22","msg":"request","status":200,"latency":0.001848875,"method":"GET","path":"/admin/logs","ip":"::1"}
{"level":"info","ts":1772131829.908253,"caller":"middleware/logger.go:22","msg":"request","status":200,"latency":0.002131167,"method":"GET","path":"/admin/logs","ip":"::1"}
{"level":"info","ts":1772131834.9098299,"caller":"middleware/logger.go:22","msg":"request","status":200,"latency":0.001902084,"method":"GET","path":"/admin/logs","ip":"::1"}
{"level":"info","ts":1772131839.908164,"caller":"middleware/logger.go:22","msg":"request","status":200,"latency":0.002070625,"method":"GET","path":"/admin/logs","ip":"::1"}
{"level":"info","ts":1772131844.9044101,"caller":"middleware/logger.go:22","msg":"request","status":200,"latency":0.001673833,"method":"GET","path":"/admin/logs","ip":"::1"}
{"level":"info","ts":1772131849.9031308,"caller":"middleware/logger.go:22","msg":"request","status":200,"latency":0.00174,"method":"GET","path":"/admin/logs","ip":"::1"}
{"level":"info","ts":1772131854.907886,"caller":"middleware/logger.go:22","msg":"request","status":200,"latency":0.002769083,"method":"GET","path":"/admin/logs","ip":"::1"}
{"level":"info","ts":1772131859.903628,"caller":"middleware/logger.go:22","msg":"request","status":200,"latency":0.001757875,"method":"GET","path":"/admin/logs","ip":"::1"}
{"level":"info","ts":1772131864.91587,"caller":"middleware/logger.go:22","msg":"request","status":200,"latency":0.0050405,"method":"GET","path":"/admin/logs","ip":"::1"}
{"level":"info","ts":1772131869.9033148,"caller":"middleware/logger.go:22","msg":"request","status":200,"latency":0.002203292,"method":"GET","path":"/admin/logs","ip":"::1"}
{"level":"info","ts":1772131874.904026,"caller":"middleware/logger.go:22","msg":"request","status":200,"latency":0.001867333,"method":"GET","path":"/admin/logs","ip":"::1"}
{"level":"info","ts":1772131879.9169412,"caller":"middleware/logger.go:22","msg":"request","status":200,"latency":0.004906833,"method":"GET","path":"/admin/logs","ip":"::1"}
{"level":"info","ts":1772131884.9042518,"caller":"middleware/logger.go:22","msg":"request","status":200,"latency":0.002205875,"method":"GET","path":"/admin/logs","ip":"::1"}
{"level":"info","ts":1772131889.9125152,"caller":"middleware/logger.go:22","msg":"request","status":200,"latency":0.00306275,"method":"GET","path":"/admin/logs","ip":"::1"}
{"level":"info","ts":1772131894.9015648,"caller":"middleware/logger.go:22","msg":"request","status":200,"latency":0.001442083,"method":"GET","path":"/admin/logs","ip":"::1"}
{"level":"info","ts":1772131899.913388,"caller":"middleware/logger.go:22","msg":"request","status":200,"latency":0.00874225,"method":"GET","path":"/admin/logs","ip":"::1"}
{"level":"info","ts":1772131904.906538,"caller":"middleware/logger.go:22","msg":"request","status":200,"latency":0.002589917,"method":"GET","path":"/admin/logs","ip":"::1"}
{"level":"info","ts":1772131909.9022222,"caller":"middleware/logger.go:22","msg":"request","status":200,"latency":0.002061042,"method":"GET","path":"/admin/logs","ip":"::1"}
{"level":"info","ts":1772131914.904386,"caller":"middleware/logger.go:22","msg":"request","status":200,"latency":0.002486792,"method":"GET","path":"/admin/logs","ip":"::1"}
{"level":"info","ts":1772131919.91242,"caller":"middleware/logger.go:22","msg":"request","status":200,"latency":0.008656917,"method":"GET","path":"/admin/logs","ip":"::1"}
{"level":"info","ts":1772131924.914297,"caller":"middleware/logger.go:22","msg":"request","status":200,"latency":0.00349925,"method":"GET","path":"/admin/logs","ip":"::1"}
{"level":"info","ts":1772131929.9036531,"caller":"middleware/logger.go:22","msg":"request","status":200,"latency":0.003623708,"method":"GET","path":"/admin/logs","ip":"::1"}
{"level":"info","ts":1772131934.899442,"caller":"middleware/logger.go:22","msg":"request","status":200,"latency":0.001680833,"method":"GET","path":"/admin/logs","ip":"::1"}
{"level":"info","ts":1772131939.901899,"caller":"middleware/logger.go:22","msg":"request","status":200,"latency":0.002258625,"method":"GET","path":"/admin/logs","ip":"::1"}
{"level":"info","ts":1772131944.9025779,"caller":"middleware/logger.go:22","msg":"request","status":200,"latency":0.002019083,"method":"GET","path":"/admin/logs","ip":"::1"}
{"level":"info","ts":1772131949.903038,"caller":"middleware/logger.go:22","msg":"request","status":200,"latency":0.001876375,"method":"GET","path":"/admin/logs","ip":"::1"}
{"level":"info","ts":1772131954.901746,"caller":"middleware/logger.go:22","msg":"request","status":200,"latency":0.002344125,"method":"GET","path":"/admin/logs","ip":"::1"}
{"level":"info","ts":1772131959.905638,"caller":"middleware/logger.go:22","msg":"request","status":200,"latency":0.003515958,"method":"GET","path":"/admin/logs","ip":"::1"}
{"level":"info","ts":1772131964.900748,"caller":"middleware/logger.go:22","msg":"request","status":200,"latency":0.002489084,"method":"GET","path":"/admin/logs","ip":"::1"}
{"level":"info","ts":1772131969.9029062,"caller":"middleware/logger.go:22","msg":"request","status":200,"latency":0.002161833,"method":"GET","path":"/admin/logs","ip":"::1"}
{"level":"info","ts":1772131974.91489,"caller":"middleware/logger.go:22","msg":"request","status":200,"latency":0.002439625,"method":"GET","path":"/admin/logs","ip":"::1"}
{"level":"info","ts":1772131979.906453,"caller":"middleware/logger.go:22","msg":"request","status":200,"latency":0.004918208,"method":"GET","path":"/admin/logs","ip":"::1"}
{"level":"info","ts":1772131984.915547,"caller":"middleware/logger.go:22","msg":"request","status":200,"latency":0.003061625,"method":"GET","path":"/admin/logs","ip":"::1"}
{"level":"info","ts":1772131989.900977,"caller":"middleware/logger.go:22","msg":"request","status":200,"latency":0.0030915,"method":"GET","path":"/admin/logs","ip":"::1"}
{"level":"info","ts":1772131994.9162219,"caller":"middleware/logger.go:22","msg":"request","status":200,"latency":0.0057545,"method":"GET","path":"/admin/logs","ip":"::1"}
{"level":"info","ts":1772131999.9008682,"caller":"middleware/logger.go:22","msg":"request","status":200,"latency":0.003542583,"method":"GET","path":"/admin/logs","ip":"::1"}
{"level":"info","ts":1772132004.897223,"caller":"middleware/logger.go:22","msg":"request","status":200,"latency":0.001773959,"method":"GET","path":"/admin/logs","ip":"::1"}
{"level":"info","ts":1772132009.908278,"caller":"middleware/logger.go:22","msg":"request","status":200,"latency":0.007564458,"method":"GET","path":"/admin/logs","ip":"::1"}
{"level":"info","ts":1772132014.902066,"caller":"middleware/logger.go:22","msg":"request","status":200,"latency":0.002311208,"method":"GET","path":"/admin/logs","ip":"::1"}
{"level":"info","ts":1772132019.902129,"caller":"middleware/logger.go:22","msg":"request","status":200,"latency":0.002666875,"method":"GET","path":"/admin/logs","ip":"::1"}
{"level":"info","ts":1772132024.8997602,"caller":"middleware/logger.go:22","msg":"request","status":200,"latency":0.0021905,"method":"GET","path":"/admin/logs","ip":"::1"}
{"level":"info","ts":1772132029.898486,"caller":"middleware/logger.go:22","msg":"request","status":200,"latency":0.002246958,"method":"GET","path":"/admin/logs","ip":"::1"}
{"level":"info","ts":1772132034.8986702,"caller":"middleware/logger.go:22","msg":"request","status":200,"latency":0.002746375,"method":"GET","path":"/admin/logs","ip":"::1"}
{"level":"info","ts":1772132039.8978372,"caller":"middleware/logger.go:22","msg":"request","status":200,"latency":0.00190625,"method":"GET","path":"/admin/logs","ip":"::1"}
{"level":"info","ts":1772132044.913237,"caller":"middleware/logger.go:22","msg":"request","status":200,"latency":0.0027905,"method":"GET","path":"/admin/logs","ip":"::1"}
{"level":"info","ts":1772132049.897411,"caller":"middleware/logger.go:22","msg":"request","status":200,"latency":0.002342625,"method":"GET","path":"/admin/logs","ip":"::1"}
{"level":"info","ts":1772132054.894742,"caller":"middleware/logger.go:22","msg":"request","status":200,"latency":0.001652875,"method":"GET","path":"/admin/logs","ip":"::1"}
{"level":"info","ts":1772132059.894623,"caller":"middleware/logger.go:22","msg":"request","status":200,"latency":0.001473583,"method":"GET","path":"/admin/logs","ip":"::1"}
{"level":"info","ts":1772132064.911019,"caller":"middleware/logger.go:22","msg":"request","status":200,"latency":0.0031565,"method":"GET","path":"/admin/logs","ip":"::1"}
{"level":"info","ts":1772132069.8968792,"caller":"middleware/logger.go:22","msg":"request","status":200,"latency":0.00195425,"method":"GET","path":"/admin/logs","ip":"::1"}
{"level":"info","ts":1772132074.893485,"caller":"middleware/logger.go:22","msg":"request","status":200,"latency":0.001976916,"method":"GET","path":"/admin/logs","ip":"::1"}
{"level":"info","ts":1772132079.89626,"caller":"middleware/logger.go:22","msg":"request","status":200,"latency":0.002141792,"method":"GET","path":"/admin/logs","ip":"::1"}
{"level":"info","ts":1772132084.895783,"caller":"middleware/logger.go:22","msg":"request","status":200,"latency":0.002222083,"method":"GET","path":"/admin/logs","ip":"::1"}
{"level":"info","ts":1772132089.893402,"caller":"middleware/logger.go:22","msg":"request","status":200,"latency":0.002236833,"method":"GET","path":"/admin/logs","ip":"::1"}
{"level":"info","ts":1772132094.910007,"caller":"middleware/logger.go:22","msg":"request","status":200,"latency":0.004564166,"method":"GET","path":"/admin/logs","ip":"::1"}
{"level":"info","ts":1772132099.895804,"caller":"middleware/logger.go:22","msg":"request","status":200,"latency":0.00279025,"method":"GET","path":"/admin/logs","ip":"::1"}
{"level":"info","ts":1772132104.89344,"caller":"middleware/logger.go:22","msg":"request","status":200,"latency":0.002113584,"method":"GET","path":"/admin/logs","ip":"::1"}
{"level":"info","ts":1772132109.914444,"caller":"middleware/logger.go:22","msg":"request","status":200,"latency":0.007880417,"method":"GET","path":"/admin/logs","ip":"::1"}
{"level":"info","ts":1772132114.8947682,"caller":"middleware/logger.go:22","msg":"request","status":200,"latency":0.00304375,"method":"GET","path":"/admin/logs","ip":"::1"}
{"level":"info","ts":1772132119.892405,"caller":"middleware/logger.go:22","msg":"request","status":200,"latency":0.002595667,"method":"GET","path":"/admin/logs","ip":"::1"}
{"level":"info","ts":1772132124.90912,"caller":"middleware/logger.go:22","msg":"request","status":200,"latency":0.004023125,"method":"GET","path":"/admin/logs","ip":"::1"}
{"level":"info","ts":1772132129.893075,"caller":"middleware/logger.go:22","msg":"request","status":200,"latency":0.002121875,"method":"GET","path":"/admin/logs","ip":"::1"}
{"level":"info","ts":1772132134.891934,"caller":"middleware/logger.go:22","msg":"request","status":200,"latency":0.001747083,"method":"GET","path":"/admin/logs","ip":"::1"}
{"level":"info","ts":1772132139.891793,"caller":"middleware/logger.go:22","msg":"request","status":200,"latency":0.001909541,"method":"GET","path":"/admin/logs","ip":"::1"}
{"level":"info","ts":1772132144.892138,"caller":"middleware/logger.go:22","msg":"request","status":200,"latency":0.002915583,"method":"GET","path":"/admin/logs","ip":"::1"}
{"level":"info","ts":1772132149.899133,"caller":"middleware/logger.go:22","msg":"request","status":200,"latency":0.002155958,"method":"GET","path":"/admin/logs","ip":"::1"}
{"level":"info","ts":1772132154.9036522,"caller":"middleware/logger.go:22","msg":"request","status":200,"latency":0.002688334,"method":"GET","path":"/admin/logs","ip":"::1"}
{"level":"info","ts":1772132159.892538,"caller":"middleware/logger.go:22","msg":"request","status":200,"latency":0.002375625,"method":"GET","path":"/admin/logs","ip":"::1"}
{"level":"info","ts":1772132164.8909702,"caller":"middleware/logger.go:22","msg":"request","status":200,"latency":0.002001292,"method":"GET","path":"/admin/logs","ip":"::1"}
{"level":"info","ts":1772132169.912194,"caller":"middleware/logger.go:22","msg":"request","status":200,"latency":0.003499875,"method":"GET","path":"/admin/logs","ip":"::1"}
{"level":"info","ts":1772132174.892568,"caller":"middleware/logger.go:22","msg":"request","status":200,"latency":0.002665958,"method":"GET","path":"/admin/logs","ip":"::1"}
{"level":"info","ts":1772132179.9093702,"caller":"middleware/logger.go:22","msg":"request","status":200,"latency":0.005753125,"method":"GET","path":"/admin/logs","ip":"::1"}
{"level":"info","ts":1772132184.892097,"caller":"middleware/logger.go:22","msg":"request","status":200,"latency":0.002735625,"method":"GET","path":"/admin/logs","ip":"::1"}
{"level":"info","ts":1772132189.8902159,"caller":"middleware/logger.go:22","msg":"request","status":200,"latency":0.002199834,"method":"GET","path":"/admin/logs","ip":"::1"}
{"level":"info","ts":1772132194.905532,"caller":"middleware/logger.go:22","msg":"request","status":200,"latency":0.007489375,"method":"GET","path":"/admin/logs","ip":"::1"}
{"level":"info","ts":1772132199.890665,"caller":"middleware/logger.go:22","msg":"request","status":200,"latency":0.002097,"method":"GET","path":"/admin/logs","ip":"::1"}
{"level":"info","ts":1772132204.89061,"caller":"middleware/logger.go:22","msg":"request","status":200,"latency":0.002145375,"method":"GET","path":"/admin/logs","ip":"::1"}
{"level":"info","ts":1772132209.888461,"caller":"middleware/logger.go:22","msg":"request","status":200,"latency":0.002767375,"method":"GET","path":"/admin/logs","ip":"::1"}
{"level":"info","ts":1772132214.912725,"caller":"middleware/logger.go:22","msg":"request","status":200,"latency":0.01027,"method":"GET","path":"/admin/logs","ip":"::1"}
{"level":"info","ts":1772132219.888961,"caller":"middleware/logger.go:22","msg":"request","status":200,"latency":0.001930958,"method":"GET","path":"/admin/logs","ip":"::1"}
{"level":"info","ts":1772132224.9043891,"caller":"middleware/logger.go:22","msg":"request","status":200,"latency":0.002711583,"method":"GET","path":"/admin/logs","ip":"::1"}
{"level":"info","ts":1772132229.8870342,"caller":"middleware/logger.go:22","msg":"request","status":200,"latency":0.00206775,"method":"GET","path":"/admin/logs","ip":"::1"}
{"level":"info","ts":1772132234.886841,"caller":"middleware/logger.go:22","msg":"request","status":200,"latency":0.001896167,"method":"GET","path":"/admin/logs","ip":"::1"}
{"level":"info","ts":1772132239.941361,"caller":"middleware/logger.go:22","msg":"request","status":200,"latency":0.04842125,"method":"GET","path":"/admin/logs","ip":"::1"}
{"level":"info","ts":1772132244.9066298,"caller":"middleware/logger.go:22","msg":"request","status":200,"latency":0.0134055,"method":"GET","path":"/admin/logs","ip":"::1"}
{"level":"info","ts":1772132249.892106,"caller":"middleware/logger.go:22","msg":"request","status":200,"latency":0.001887958,"method":"GET","path":"/admin/logs","ip":"::1"}
{"level":"info","ts":1772132254.894921,"caller":"middleware/logger.go:22","msg":"request","status":200,"latency":0.00190775,"method":"GET","path":"/admin/logs","ip":"::1"}
{"level":"info","ts":1772132259.883704,"caller":"middleware/logger.go:22","msg":"request","status":200,"latency":0.001739209,"method":"GET","path":"/admin/logs","ip":"::1"}
{"level":"info","ts":1772132264.883769,"caller":"middleware/logger.go:22","msg":"request","status":200,"latency":0.001640167,"method":"GET","path":"/admin/logs","ip":"::1"}
{"level":"info","ts":1772132269.898453,"caller":"middleware/logger.go:22","msg":"request","status":200,"latency":0.002322042,"method":"GET","path":"/admin/logs","ip":"::1"}
{"level":"info","ts":1772132274.885225,"caller":"middleware/logger.go:22","msg":"request","status":200,"latency":0.0019855,"method":"GET","path":"/admin/logs","ip":"::1"}
{"level":"info","ts":1772132279.89937,"caller":"middleware/logger.go:22","msg":"request","status":200,"latency":0.004298709,"method":"GET","path":"/admin/logs","ip":"::1"}
{"level":"info","ts":1772132284.89831,"caller":"middleware/logger.go:22","msg":"request","status":200,"latency":0.007848708,"method":"GET","path":"/admin/logs","ip":"::1"}
{"level":"info","ts":1772132289.888194,"caller":"middleware/logger.go:22","msg":"request","status":200,"latency":0.002593583,"method":"GET","path":"/admin/logs","ip":"::1"}
{"level":"info","ts":1772132294.8940191,"caller":"middleware/logger.go:22","msg":"request","status":200,"latency":0.002573625,"method":"GET","path":"/admin/logs","ip":"::1"}
{"level":"info","ts":1772132299.886325,"caller":"middleware/logger.go:22","msg":"request","status":200,"latency":0.002209083,"method":"GET","path":"/admin/logs","ip":"::1"}
{"level":"info","ts":1772132304.895587,"caller":"middleware/logger.go:22","msg":"request","status":200,"latency":0.001747917,"method":"GET","path":"/admin/logs","ip":"::1"}
{"level":"info","ts":1772132309.8897102,"caller":"middleware/logger.go:22","msg":"request","status":200,"latency":0.002320792,"method":"GET","path":"/admin/logs","ip":"::1"}
{"level":"info","ts":1772132314.8875341,"caller":"middleware/logger.go:22","msg":"request","status":200,"latency":0.002820333,"method":"GET","path":"/admin/logs","ip":"::1"}
{"level":"info","ts":1772132319.88378,"caller":"middleware/logger.go:22","msg":"request","status":200,"latency":0.002480041,"method":"GET","path":"/admin/logs","ip":"::1"}
{"level":"info","ts":1772132324.900548,"caller":"middleware/logger.go:22","msg":"request","status":200,"latency":0.007354375,"method":"GET","path":"/admin/logs","ip":"::1"}
{"level":"info","ts":1772132329.887372,"caller":"middleware/logger.go:22","msg":"request","status":200,"latency":0.0064575,"method":"GET","path":"/admin/logs","ip":"::1"}
{"level":"info","ts":1772132334.8844569,"caller":"middleware/logger.go:22","msg":"request","status":200,"latency":0.002503667,"method":"GET","path":"/admin/logs","ip":"::1"}
{"level":"info","ts":1772132339.883565,"caller":"middleware/logger.go:22","msg":"request","status":200,"latency":0.002233208,"method":"GET","path":"/admin/logs","ip":"::1"}
{"level":"info","ts":1772132344.90215,"caller":"middleware/logger.go:22","msg":"request","status":200,"latency":0.020235292,"method":"GET","path":"/admin/logs","ip":"::1"}
{"level":"info","ts":1772132349.887296,"caller":"middleware/logger.go:22","msg":"request","status":200,"latency":0.004002083,"method":"GET","path":"/admin/logs","ip":"::1"}
{"level":"info","ts":1772132354.8829231,"caller":"middleware/logger.go:22","msg":"request","status":200,"latency":0.002672041,"method":"GET","path":"/admin/logs","ip":"::1"}
{"level":"info","ts":1772132359.883817,"caller":"middleware/logger.go:22","msg":"request","status":200,"latency":0.002325375,"method":"GET","path":"/admin/logs","ip":"::1"}
{"level":"info","ts":1772132364.883317,"caller":"middleware/logger.go:22","msg":"request","status":200,"latency":0.002472208,"method":"GET","path":"/admin/logs","ip":"::1"}
{"level":"info","ts":1772132369.883299,"caller":"middleware/logger.go:22","msg":"request","status":200,"latency":0.002604125,"method":"GET","path":"/admin/logs","ip":"::1"}
{"level":"info","ts":1772132374.8847208,"caller":"middleware/logger.go:22","msg":"request","status":200,"latency":0.001913667,"method":"GET","path":"/admin/logs","ip":"::1"}
{"level":"info","ts":1772132379.8813598,"caller":"middleware/logger.go:22","msg":"request","status":200,"latency":0.001934709,"method":"GET","path":"/admin/logs","ip":"::1"}
{"level":"info","ts":1772132384.882381,"caller":"middleware/logger.go:22","msg":"request","status":200,"latency":0.002906,"method":"GET","path":"/admin/logs","ip":"::1"}
{"level":"info","ts":1772132389.8835342,"caller":"middleware/logger.go:22","msg":"request","status":200,"latency":0.00440025,"method":"GET","path":"/admin/logs","ip":"::1"}
{"level":"info","ts":1772132394.883637,"caller":"middleware/logger.go:22","msg":"request","status":200,"latency":0.001934625,"method":"GET","path":"/admin/logs","ip":"::1"}
{"level":"info","ts":1772132399.88219,"caller":"middleware/logger.go:22","msg":"request","status":200,"latency":0.002538208,"method":"GET","path":"/admin/logs","ip":"::1"}
{"level":"info","ts":1772132404.882882,"caller":"middleware/logger.go:22","msg":"request","status":200,"latency":0.002544,"method":"GET","path":"/admin/logs","ip":"::1"}
{"level":"info","ts":1772132409.880492,"caller":"middleware/logger.go:22","msg":"request","status":200,"latency":0.001910709,"method":"GET","path":"/admin/logs","ip":"::1"}
{"level":"info","ts":1772132414.879794,"caller":"middleware/logger.go:22","msg":"request","status":200,"latency":0.0019355,"method":"GET","path":"/admin/logs","ip":"::1"}
{"level":"info","ts":1772132419.882344,"caller":"middleware/logger.go:22","msg":"request","status":200,"latency":0.001995458,"method":"GET","path":"/admin/logs","ip":"::1"}
{"level":"info","ts":1772132424.880922,"caller":"middleware/logger.go:22","msg":"request","status":200,"latency":0.0026165,"method":"GET","path":"/admin/logs","ip":"::1"}
{"level":"info","ts":1772132429.880502,"caller":"middleware/logger.go:22","msg":"request","status":200,"latency":0.002480792,"method":"GET","path":"/admin/logs","ip":"::1"}
{"level":"info","ts":1772132434.895541,"caller":"middleware/logger.go:22","msg":"request","status":200,"latency":0.015563375,"method":"GET","path":"/admin/logs","ip":"::1"}
{"level":"info","ts":1772132439.8859289,"caller":"middleware/logger.go:22","msg":"request","status":200,"latency":0.002620292,"method":"GET","path":"/admin/logs","ip":"::1"}
{"level":"info","ts":1772132444.8816252,"caller":"middleware/logger.go:22","msg":"request","status":200,"latency":0.002249167,"method":"GET","path":"/admin/logs","ip":"::1"}
{"level":"info","ts":1772132449.879742,"caller":"middleware/logger.go:22","msg":"request","status":200,"latency":0.002855459,"method":"GET","path":"/admin/logs","ip":"::1"}
{"level":"info","ts":1772132454.880264,"caller":"middleware/logger.go:22","msg":"request","status":200,"latency":0.002567917,"method":"GET","path":"/admin/logs","ip":"::1"}
{"level":"info","ts":1772132459.884065,"caller":"middleware/logger.go:22","msg":"request","status":200,"latency":0.002410375,"method":"GET","path":"/admin/logs","ip":"::1"}
{"level":"info","ts":1772132464.903921,"caller":"middleware/logger.go:22","msg":"request","status":200,"latency":0.023994375,"method":"GET","path":"/admin/logs","ip":"::1"}
{"level":"info","ts":1772132469.879062,"caller":"middleware/logger.go:22","msg":"request","status":200,"latency":0.002457291,"method":"GET","path":"/admin/logs","ip":"::1"}
{"level":"info","ts":1772132474.8888829,"caller":"middleware/logger.go:22","msg":"request","status":200,"latency":0.002040791,"method":"GET","path":"/admin/logs","ip":"::1"}
{"level":"info","ts":1772132479.878051,"caller":"middleware/logger.go:22","msg":"request","status":200,"latency":0.002283875,"method":"GET","path":"/admin/logs","ip":"::1"}
{"level":"info","ts":1772132484.884586,"caller":"middleware/logger.go:22","msg":"request","status":200,"latency":0.003002583,"method":"GET","path":"/admin/logs","ip":"::1"}
{"level":"info","ts":1772132489.875614,"caller":"middleware/logger.go:22","msg":"request","status":200,"latency":0.003909958,"method":"GET","path":"/admin/logs","ip":"::1"}
{"level":"info","ts":1772132494.8858612,"caller":"middleware/logger.go:22","msg":"request","status":200,"latency":0.007809625,"method":"GET","path":"/admin/logs","ip":"::1"}
{"level":"info","ts":1772132499.8797529,"caller":"middleware/logger.go:22","msg":"request","status":200,"latency":0.001827792,"method":"GET","path":"/admin/logs","ip":"::1"}
{"level":"info","ts":1772132504.8810089,"caller":"middleware/logger.go:22","msg":"request","status":200,"latency":0.00262075,"method":"GET","path":"/admin/logs","ip":"::1"}
{"level":"info","ts":1772132509.8748648,"caller":"middleware/logger.go:22","msg":"request","status":200,"latency":0.002031208,"method":"GET","path":"/admin/logs","ip":"::1"}
{"level":"info","ts":1772132514.878324,"caller":"middleware/logger.go:22","msg":"request","status":200,"latency":0.002438833,"method":"GET","path":"/admin/logs","ip":"::1"}
{"level":"info","ts":1772132519.88285,"caller":"middleware/logger.go:22","msg":"request","status":200,"latency":0.00296,"method":"GET","path":"/admin/logs","ip":"::1"}
{"level":"info","ts":1772132524.964732,"caller":"middleware/logger.go:22","msg":"request","status":200,"latency":0.079045583,"method":"GET","path":"/admin/logs","ip":"::1"}
{"level":"info","ts":1772132529.885419,"caller":"middleware/logger.go:22","msg":"request","status":200,"latency":0.004355625,"method":"GET","path":"/admin/logs","ip":"::1"}
{"level":"info","ts":1772132534.88157,"caller":"middleware/logger.go:22","msg":"request","status":200,"latency":0.0015805,"method":"GET","path":"/admin/logs","ip":"::1"}
{"level":"info","ts":1772132539.877551,"caller":"middleware/logger.go:22","msg":"request","status":200,"latency":0.001975375,"method":"GET","path":"/admin/logs","ip":"::1"}
{"level":"info","ts":1772132544.8885891,"caller":"middleware/logger.go:22","msg":"request","status":200,"latency":0.007272375,"method":"GET","path":"/admin/logs","ip":"::1"}
{"level":"info","ts":1772132549.879342,"caller":"middleware/logger.go:22","msg":"request","status":200,"latency":0.001858959,"method":"GET","path":"/admin/logs","ip":"::1"}
{"level":"info","ts":1772132554.886364,"caller":"middleware/logger.go:22","msg":"request","status":200,"latency":0.002518208,"method":"GET","path":"/admin/logs","ip":"::1"}
{"level":"info","ts":1772132559.881686,"caller":"middleware/logger.go:22","msg":"request","status":200,"latency":0.002749041,"method":"GET","path":"/admin/logs","ip":"::1"}
{"level":"info","ts":1772132564.9044359,"caller":"middleware/logger.go:22","msg":"request","status":200,"latency":0.007568375,"method":"GET","path":"/admin/logs","ip":"::1"}
{"level":"info","ts":1772132569.878241,"caller":"middleware/logger.go:22","msg":"request","status":200,"latency":0.002166625,"method":"GET","path":"/admin/logs","ip":"::1"}
{"level":"info","ts":1772132574.8763971,"caller":"middleware/logger.go:22","msg":"request","status":200,"latency":0.001582041,"method":"GET","path":"/admin/logs","ip":"::1"}
{"level":"info","ts":1772132579.908442,"caller":"middleware/logger.go:22","msg":"request","status":200,"latency":0.016397167,"method":"GET","path":"/admin/logs","ip":"::1"}
{"level":"info","ts":1772132584.891202,"caller":"middleware/logger.go:22","msg":"request","status":200,"latency":0.005146542,"method":"GET","path":"/admin/logs","ip":"::1"}
{"level":"info","ts":1772132589.8800378,"caller":"middleware/logger.go:22","msg":"request","status":200,"latency":0.004041416,"method":"GET","path":"/admin/logs","ip":"::1"}
{"level":"info","ts":1772132594.877356,"caller":"middleware/logger.go:22","msg":"request","status":200,"latency":0.002177417,"method":"GET","path":"/admin/logs","ip":"::1"}
{"level":"info","ts":1772132599.8784041,"caller":"middleware/logger.go:22","msg":"request","status":200,"latency":0.004033,"method":"GET","path":"/admin/logs","ip":"::1"}
{"level":"info","ts":1772132604.879328,"caller":"middleware/logger.go:22","msg":"request","status":200,"latency":0.002633458,"method":"GET","path":"/admin/logs","ip":"::1"}
{"level":"info","ts":1772132609.873882,"caller":"middleware/logger.go:22","msg":"request","status":200,"latency":0.0015305,"method":"GET","path":"/admin/logs","ip":"::1"}
{"level":"info","ts":1772132614.8788412,"caller":"middleware/logger.go:22","msg":"request","status":200,"latency":0.002222625,"method":"GET","path":"/admin/logs","ip":"::1"}
{"level":"info","ts":1772132619.879353,"caller":"middleware/logger.go:22","msg":"request","status":200,"latency":0.00443225,"method":"GET","path":"/admin/logs","ip":"::1"}
{"level":"info","ts":1772132624.89369,"caller":"middleware/logger.go:22","msg":"request","status":200,"latency":0.003018417,"method":"GET","path":"/admin/logs","ip":"::1"}
{"level":"info","ts":1772132629.8763032,"caller":"middleware/logger.go:22","msg":"request","status":200,"latency":0.002331292,"method":"GET","path":"/admin/logs","ip":"::1"}
{"level":"info","ts":1772132634.877435,"caller":"middleware/logger.go:22","msg":"request","status":200,"latency":0.003717875,"method":"GET","path":"/admin/logs","ip":"::1"}
{"level":"info","ts":1772132639.886512,"caller":"middleware/logger.go:22","msg":"request","status":200,"latency":0.003090667,"method":"GET","path":"/admin/logs","ip":"::1"}
{"level":"info","ts":1772132644.875107,"caller":"middleware/logger.go:22","msg":"request","status":200,"latency":0.002499292,"method":"GET","path":"/admin/logs","ip":"::1"}
{"level":"info","ts":1772132649.8953679,"caller":"middleware/logger.go:22","msg":"request","status":200,"latency":0.002739333,"method":"GET","path":"/admin/logs","ip":"::1"}
{"level":"info","ts":1772132654.874696,"caller":"middleware/logger.go:22","msg":"request","status":200,"latency":0.001578584,"method":"GET","path":"/admin/logs","ip":"::1"}
{"level":"info","ts":1772132659.89704,"caller":"middleware/logger.go:22","msg":"request","status":200,"latency":0.003352125,"method":"GET","path":"/admin/logs","ip":"::1"}
{"level":"info","ts":1772132664.873504,"caller":"middleware/logger.go:22","msg":"request","status":200,"latency":0.002864709,"method":"GET","path":"/admin/logs","ip":"::1"}
{"level":"info","ts":1772132669.874634,"caller":"middleware/logger.go:22","msg":"request","status":200,"latency":0.002169083,"method":"GET","path":"/admin/logs","ip":"::1"}
{"level":"info","ts":1772132674.87455,"caller":"middleware/logger.go:22","msg":"request","status":200,"latency":0.0020755,"method":"GET","path":"/admin/logs","ip":"::1"}
{"level":"info","ts":1772132679.8882189,"caller":"middleware/logger.go:22","msg":"request","status":200,"latency":0.004843625,"method":"GET","path":"/admin/logs","ip":"::1"}
{"level":"info","ts":1772132684.87826,"caller":"middleware/logger.go:22","msg":"request","status":200,"latency":0.001998791,"method":"GET","path":"/admin/logs","ip":"::1"}
{"level":"info","ts":1772132689.872154,"caller":"middleware/logger.go:22","msg":"request","status":200,"latency":0.001601875,"method":"GET","path":"/admin/logs","ip":"::1"}
{"level":"info","ts":1772132694.871509,"caller":"middleware/logger.go:22","msg":"request","status":200,"latency":0.001959958,"method":"GET","path":"/admin/logs","ip":"::1"}
{"level":"info","ts":1772132699.8735979,"caller":"middleware/logger.go:22","msg":"request","status":200,"latency":0.002151375,"method":"GET","path":"/admin/logs","ip":"::1"}
{"level":"info","ts":1772132704.898491,"caller":"middleware/logger.go:22","msg":"request","status":200,"latency":0.010304666,"method":"GET","path":"/admin/logs","ip":"::1"}
{"level":"info","ts":1772132709.8738828,"caller":"middleware/logger.go:22","msg":"request","status":200,"latency":0.002357625,"method":"GET","path":"/admin/logs","ip":"::1"}
{"level":"info","ts":1772132714.8728461,"caller":"middleware/logger.go:22","msg":"request","status":200,"latency":0.00225425,"method":"GET","path":"/admin/logs","ip":"::1"}
{"level":"info","ts":1772132719.873187,"caller":"middleware/logger.go:22","msg":"request","status":200,"latency":0.002456625,"method":"GET","path":"/admin/logs","ip":"::1"}
{"level":"info","ts":1772132724.8702888,"caller":"middleware/logger.go:22","msg":"request","status":200,"latency":0.00221225,"method":"GET","path":"/admin/logs","ip":"::1"}
{"level":"info","ts":1772132729.881514,"caller":"middleware/logger.go:22","msg":"request","status":200,"latency":0.003720417,"method":"GET","path":"/admin/logs","ip":"::1"}
{"level":"info","ts":1772132734.871536,"caller":"middleware/logger.go:22","msg":"request","status":200,"latency":0.00199075,"method":"GET","path":"/admin/logs","ip":"::1"}
{"level":"info","ts":1772132739.881612,"caller":"middleware/logger.go:22","msg":"request","status":200,"latency":0.002910083,"method":"GET","path":"/admin/logs","ip":"::1"}
{"level":"info","ts":1772132744.87198,"caller":"middleware/logger.go:22","msg":"request","status":200,"latency":0.002228,"method":"GET","path":"/admin/logs","ip":"::1"}
{"level":"info","ts":1772132749.872569,"caller":"middleware/logger.go:22","msg":"request","status":200,"latency":0.003572625,"method":"GET","path":"/admin/logs","ip":"::1"}
{"level":"info","ts":1772132754.872801,"caller":"middleware/logger.go:22","msg":"request","status":200,"latency":0.002067625,"method":"GET","path":"/admin/logs","ip":"::1"}
{"level":"info","ts":1772132759.87257,"caller":"middleware/logger.go:22","msg":"request","status":200,"latency":0.002786167,"method":"GET","path":"/admin/logs","ip":"::1"}
{"level":"info","ts":1772132764.8700979,"caller":"middleware/logger.go:22","msg":"request","status":200,"latency":0.002348625,"method":"GET","path":"/admin/logs","ip":"::1"}
{"level":"info","ts":1772132769.8824818,"caller":"middleware/logger.go:22","msg":"request","status":200,"latency":0.005716875,"method":"GET","path":"/admin/logs","ip":"::1"}
{"level":"info","ts":1772132774.87078,"caller":"middleware/logger.go:22","msg":"request","status":200,"latency":0.002521291,"method":"GET","path":"/admin/logs","ip":"::1"}
{"level":"info","ts":1772132779.86991,"caller":"middleware/logger.go:22","msg":"request","status":200,"latency":0.002457,"method":"GET","path":"/admin/logs","ip":"::1"}
{"level":"info","ts":1772132784.87259,"caller":"middleware/logger.go:22","msg":"request","status":200,"latency":0.002719,"method":"GET","path":"/admin/logs","ip":"::1"}
{"level":"info","ts":1772132789.8821929,"caller":"middleware/logger.go:22","msg":"request","status":200,"latency":0.005297625,"method":"GET","path":"/admin/logs","ip":"::1"}
{"level":"info","ts":1772132794.8719628,"caller":"middleware/logger.go:22","msg":"request","status":200,"latency":0.003145959,"method":"GET","path":"/admin/logs","ip":"::1"}
{"level":"info","ts":1772132799.877273,"caller":"middleware/logger.go:22","msg":"request","status":200,"latency":0.0031115,"method":"GET","path":"/admin/logs","ip":"::1"}
{"level":"info","ts":1772132804.872908,"caller":"middleware/logger.go:22","msg":"request","status":200,"latency":0.00255725,"method":"GET","path":"/admin/logs","ip":"::1"}
{"level":"info","ts":1772132809.874563,"caller":"middleware/logger.go:22","msg":"request","status":200,"latency":0.006127917,"method":"GET","path":"/admin/logs","ip":"::1"}
{"level":"info","ts":1772132814.8959,"caller":"middleware/logger.go:22","msg":"request","status":200,"latency":0.00503475,"method":"GET","path":"/admin/logs","ip":"::1"}
{"level":"info","ts":1772132819.8836322,"caller":"middleware/logger.go:22","msg":"request","status":200,"latency":0.005651416,"method":"GET","path":"/admin/logs","ip":"::1"}
{"level":"info","ts":1772132823.461144,"caller":"middleware/logger.go:22","msg":"request","status":200,"latency":0.003805875,"method":"GET","path":"/","ip":"::1"}
{"level":"info","ts":1772133052.850593,"caller":"middleware/logger.go:22","msg":"request","status":401,"latency":0.002822208,"method":"POST","path":"/admin/licenses","ip":"::1"}
{"level":"info","ts":1772133093.2097778,"caller":"middleware/logger.go:22","msg":"request","status":200,"latency":0.018412666,"method":"GET","path":"/admin/logs","ip":"::1"}
{"level":"info","ts":1772133094.557179,"caller":"service/license.go:279","msg":"license created","key":"KICK-DEMO-7F3A-9B2E","expires_at":1798761599}
{"level":"info","ts":1772133094.558688,"caller":"middleware/logger.go:22","msg":"request","status":201,"latency":0.036631625,"method":"POST","path":"/admin/licenses","ip":"::1"}

2026/02/26 21:18:15 [31;1m/Users/santori/Desktop/TEST_KICK/kick-chat/license-server/internal/repository/activation.go:26 [35;1mrecord not found
[0m[33m[1.696ms] [34;1m[rows:0][0m SELECT * FROM "activations" WHERE license_id = '518ba9c0-60c7-40d9-911a-233030843d67' AND device_fingerprint_hash = '9a7a306301fd5dc61f6564be6e7ec47544a944f5e42336b2cf07ab81b0512128' ORDER BY "activations"."id" LIMIT 1
{"level":"info","ts":1772133495.9481301,"caller":"middleware/logger.go:22","msg":"request","status":200,"latency":0.098256333,"method":"POST","path":"/activate","ip":"::1"}
